"seccion","g_etario","sexo","n","pct","enc.3","encuestas"
7,"18 a 24","HOMBRES",223,0.09218685407193054,30,3
7,"18 a 24","MUJERES",196,0.08102521703183134,30,2
7,"25 a 59","HOMBRES",808,0.3340223232740802,30,10
7,"25 a 59","MUJERES",853,0.35262505167424557,30,11
7,"60 y más","HOMBRES",171,0.07069036792062836,30,2
7,"60 y más","MUJERES",168,0.069450186027284,30,2
9,"18 a 24","HOMBRES",282,0.10553892215568862,30,3
9,"18 a 24","MUJERES",241,0.09019461077844312,30,3
9,"25 a 59","HOMBRES",893,0.3342065868263473,30,10
9,"25 a 59","MUJERES",930,0.34805389221556887,30,10
9,"60 y más","HOMBRES",169,0.06324850299401198,30,2
9,"60 y más","MUJERES",157,0.05875748502994012,30,2
10,"18 a 24","HOMBRES",96,0.0618158403090792,30,2
10,"18 a 24","MUJERES",99,0.06374758531873792,30,2
10,"25 a 59","HOMBRES",510,0.3283966516419833,30,10
10,"25 a 59","MUJERES",514,0.3309723116548616,30,10
10,"60 y más","HOMBRES",167,0.10753380553766904,30,3
10,"60 y más","MUJERES",167,0.10753380553766904,30,3
11,"18 a 24","HOMBRES",142,0.09311475409836066,30,3
11,"18 a 24","MUJERES",116,0.0760655737704918,30,2
11,"25 a 59","HOMBRES",499,0.32721311475409837,30,10
11,"25 a 59","MUJERES",513,0.33639344262295084,30,10
11,"60 y más","HOMBRES",121,0.07934426229508197,30,2
11,"60 y más","MUJERES",134,0.08786885245901639,30,3
12,"18 a 24","HOMBRES",92,0.08582089552238806,30,3
12,"18 a 24","MUJERES",73,0.06809701492537314,30,2
12,"25 a 59","HOMBRES",335,0.3125,30,9
12,"25 a 59","MUJERES",361,0.33675373134328357,30,10
12,"60 y más","HOMBRES",113,0.10541044776119404,30,3
12,"60 y más","MUJERES",98,0.0914179104477612,30,3
13,"18 a 24","HOMBRES",82,0.07884615384615384,30,2
13,"18 a 24","MUJERES",67,0.06442307692307692,30,2
13,"25 a 59","HOMBRES",341,0.3278846153846154,30,10
13,"25 a 59","MUJERES",352,0.3384615384615385,30,10
13,"60 y más","HOMBRES",98,0.09423076923076924,30,3
13,"60 y más","MUJERES",100,0.09615384615384616,30,3
198,"18 a 24","HOMBRES",77,0.07025547445255474,32,2
198,"18 a 24","MUJERES",100,0.09124087591240876,32,3
198,"25 a 59","HOMBRES",335,0.3056569343065693,32,10
198,"25 a 59","MUJERES",375,0.34215328467153283,32,11
198,"60 y más","HOMBRES",91,0.08302919708029197,32,3
198,"60 y más","MUJERES",118,0.10766423357664232,32,3
199,"18 a 24","HOMBRES",285,0.09787087912087912,32,3
199,"18 a 24","MUJERES",236,0.08104395604395605,32,3
199,"25 a 59","HOMBRES",913,0.3135302197802198,32,10
199,"25 a 59","MUJERES",1035,0.3554258241758242,32,11
199,"60 y más","HOMBRES",211,0.07245879120879122,32,2
199,"60 y más","MUJERES",232,0.07967032967032966,32,3
203,"18 a 24","HOMBRES",170,0.09444444444444444,32,3
203,"18 a 24","MUJERES",155,0.08611111111111111,32,3
203,"25 a 59","HOMBRES",539,0.29944444444444446,32,10
203,"25 a 59","MUJERES",639,0.355,32,11
203,"60 y más","HOMBRES",137,0.07611111111111112,32,2
203,"60 y más","MUJERES",160,0.08888888888888889,32,3
204,"18 a 24","HOMBRES",80,0.072992700729927,32,2
204,"18 a 24","MUJERES",65,0.05930656934306569,32,2
204,"25 a 59","HOMBRES",351,0.32025547445255476,32,10
204,"25 a 59","MUJERES",338,0.3083941605839416,32,10
204,"60 y más","HOMBRES",100,0.09124087591240876,32,3
204,"60 y más","MUJERES",162,0.1478102189781022,32,5
208,"18 a 24","HOMBRES",274,0.09768270944741532,32,3
208,"18 a 24","MUJERES",270,0.0962566844919786,32,3
208,"25 a 59","HOMBRES",904,0.32228163992869874,32,10
208,"25 a 59","MUJERES",951,0.3390374331550802,32,11
208,"60 y más","HOMBRES",181,0.06452762923351159,32,2
208,"60 y más","MUJERES",225,0.08021390374331551,32,3
240,"18 a 24","HOMBRES",134,0.06939409632314862,31,2
240,"18 a 24","MUJERES",166,0.0859658208182289,31,3
240,"25 a 59","HOMBRES",595,0.30813050233039874,31,10
240,"25 a 59","MUJERES",697,0.3609528741584671,31,11
240,"60 y más","HOMBRES",147,0.07612635939927499,31,2
240,"60 y más","MUJERES",192,0.0994303469704816,31,3
249,"18 a 24","HOMBRES",222,0.07571623465211459,31,2
249,"18 a 24","MUJERES",261,0.08901773533424284,31,3
249,"25 a 59","HOMBRES",918,0.3130968622100955,31,10
249,"25 a 59","MUJERES",1112,0.3792633015006821,31,12
249,"60 y más","HOMBRES",204,0.06957708049113233,31,2
249,"60 y más","MUJERES",215,0.0733287858117326,31,2
254,"18 a 24","HOMBRES",68,0.05052005943536404,31,2
254,"18 a 24","MUJERES",91,0.0676077265973254,31,2
254,"25 a 59","HOMBRES",385,0.28603268945022287,31,9
254,"25 a 59","MUJERES",467,0.34695393759286774,31,11
254,"60 y más","HOMBRES",147,0.10921248142644874,31,3
254,"60 y más","MUJERES",188,0.13967310549777118,31,4
267,"18 a 24","HOMBRES",157,0.10070558050032072,31,3
267,"18 a 24","MUJERES",142,0.09108402822322,31,3
267,"25 a 59","HOMBRES",511,0.3277742142398974,31,10
267,"25 a 59","MUJERES",570,0.3656189865298268,31,11
267,"60 y más","HOMBRES",87,0.05580500320718409,31,2
267,"60 y más","MUJERES",92,0.05901218729955099,31,2
1920,"18 a 24","HOMBRES",165,0.10423246999368288,135,14
1920,"18 a 24","MUJERES",147,0.09286165508528112,135,13
1920,"25 a 59","HOMBRES",541,0.3417561591914087,135,46
1920,"25 a 59","MUJERES",471,0.29753632343651293,135,40
1920,"60 y más","HOMBRES",141,0.0890713834491472,135,12
1920,"60 y más","MUJERES",118,0.07454200884396715,135,10
607,"18 a 24","HOMBRES",135,0.06468615237182558,186,12
607,"18 a 24","MUJERES",157,0.07522759942501198,186,14
607,"25 a 59","HOMBRES",664,0.31816003833253476,186,59
607,"25 a 59","MUJERES",769,0.368471490177288,186,69
607,"60 y más","HOMBRES",182,0.08720651653090561,186,16
607,"60 y más","MUJERES",180,0.08624820316243412,186,16
639,"18 a 24","HOMBRES",190,0.07612179487179487,44,3
639,"18 a 24","MUJERES",204,0.08173076923076923,44,4
639,"25 a 59","HOMBRES",754,0.3020833333333333,44,13
639,"25 a 59","MUJERES",885,0.3545673076923077,44,16
639,"60 y más","HOMBRES",214,0.08573717948717949,44,4
639,"60 y más","MUJERES",249,0.0997596153846154,44,4
640,"18 a 24","HOMBRES",86,0.05822613405551794,44,3
640,"18 a 24","MUJERES",101,0.06838185511171294,44,3
640,"25 a 59","HOMBRES",445,0.3012863913337847,44,13
640,"25 a 59","MUJERES",503,0.34055517941773866,44,15
640,"60 y más","HOMBRES",158,0.1069735951252539,44,5
640,"60 y más","MUJERES",184,0.12457684495599188,44,5
641,"18 a 24","HOMBRES",140,0.0665083135391924,44,3
641,"18 a 24","MUJERES",151,0.07173396674584323,44,3
641,"25 a 59","HOMBRES",678,0.32209026128266033,44,14
641,"25 a 59","MUJERES",744,0.3534441805225653,44,16
641,"60 y más","HOMBRES",193,0.09168646080760096,44,4
641,"60 y más","MUJERES",199,0.09453681710213777,44,4
642,"18 a 24","HOMBRES",183,0.096723044397463,44,4
642,"18 a 24","MUJERES",176,0.09302325581395347,44,4
642,"25 a 59","HOMBRES",593,0.3134249471458774,44,14
642,"25 a 59","MUJERES",675,0.35676532769556024,44,16
642,"60 y más","HOMBRES",136,0.07188160676532769,44,3
642,"60 y más","MUJERES",129,0.06818181818181818,44,3
774,"18 a 24","HOMBRES",90,0.06105834464043419,142,9
774,"18 a 24","MUJERES",135,0.09158751696065127,142,13
774,"25 a 59","HOMBRES",465,0.31546811397557667,142,45
774,"25 a 59","MUJERES",513,0.3480325644504749,142,49
774,"60 y más","HOMBRES",140,0.0949796472184532,142,13
774,"60 y más","MUJERES",131,0.08887381275440977,142,13
778,"18 a 24","HOMBRES",79,0.08652792990142388,283,24
778,"18 a 24","MUJERES",41,0.04490690032858707,283,13
778,"25 a 59","HOMBRES",299,0.32749178532311063,283,93
778,"25 a 59","MUJERES",262,0.28696604600219056,283,81
778,"60 y más","HOMBRES",115,0.12595837897042717,283,36
778,"60 y más","MUJERES",117,0.1281489594742607,283,36
818,"18 a 24","HOMBRES",300,0.08700696055684455,33,3
818,"18 a 24","MUJERES",326,0.0945475638051044,33,3
818,"25 a 59","HOMBRES",1097,0.3181554524361949,33,10
818,"25 a 59","MUJERES",1343,0.38950116009280744,33,13
818,"60 y más","HOMBRES",176,0.05104408352668213,33,2
818,"60 y más","MUJERES",206,0.05974477958236659,33,2
946,"18 a 24","HOMBRES",273,0.08125,33,3
946,"18 a 24","MUJERES",287,0.08541666666666667,33,3
946,"25 a 59","HOMBRES",1050,0.3125,33,10
946,"25 a 59","MUJERES",1294,0.3851190476190477,33,13
946,"60 y más","HOMBRES",233,0.0693452380952381,33,2
946,"60 y más","MUJERES",223,0.06636904761904762,33,2
947,"18 a 24","HOMBRES",645,0.09097320169252468,33,3
947,"18 a 24","MUJERES",633,0.08928067700987306,33,3
947,"25 a 59","HOMBRES",2422,0.341607898448519,33,11
947,"25 a 59","MUJERES",2714,0.3827926657263752,33,13
947,"60 y más","HOMBRES",308,0.04344146685472496,33,1
947,"60 y más","MUJERES",368,0.05190409026798307,33,2
954,"18 a 24","HOMBRES",160,0.08307372793354102,164,14
954,"18 a 24","MUJERES",165,0.08566978193146417,164,14
954,"25 a 59","HOMBRES",604,0.31360332294911736,164,51
954,"25 a 59","MUJERES",686,0.3561786085150571,164,58
954,"60 y más","HOMBRES",159,0.08255451713395638,164,14
954,"60 y más","MUJERES",152,0.07892004153686397,164,13
1053,"18 a 24","HOMBRES",81,0.07692307692307693,30,2
1053,"18 a 24","MUJERES",74,0.07027540360873694,30,2
1053,"25 a 59","HOMBRES",324,0.3076923076923077,30,9
1053,"25 a 59","MUJERES",378,0.358974358974359,30,11
1053,"60 y más","HOMBRES",103,0.09781576448243116,30,3
1053,"60 y más","MUJERES",93,0.08831908831908832,30,3
1058,"18 a 24","HOMBRES",66,0.06918238993710692,30,2
1058,"18 a 24","MUJERES",85,0.08909853249475891,30,3
1058,"25 a 59","HOMBRES",310,0.3249475890985325,30,10
1058,"25 a 59","MUJERES",326,0.3417190775681342,30,10
1058,"60 y más","HOMBRES",88,0.09224318658280922,30,3
1058,"60 y más","MUJERES",79,0.08280922431865828,30,2
1062,"18 a 24","HOMBRES",281,0.0889803673210893,30,3
1062,"18 a 24","MUJERES",278,0.08803039898670044,30,3
1062,"25 a 59","HOMBRES",974,0.3084230525649145,30,9
1062,"25 a 59","MUJERES",1162,0.36795440151994935,30,11
1062,"60 y más","HOMBRES",236,0.07473084230525649,30,2
1062,"60 y más","MUJERES",227,0.07188093730208993,30,2
1126,"18 a 24","HOMBRES",108,0.06581352833638025,34,2
1126,"18 a 24","MUJERES",103,0.0627666057282145,34,2
1126,"25 a 59","HOMBRES",512,0.3120048750761731,34,11
1126,"25 a 59","MUJERES",622,0.3790371724558197,34,13
1126,"60 y más","HOMBRES",130,0.07921998781230957,34,3
1126,"60 y más","MUJERES",166,0.101157830591103,34,3
1132,"18 a 24","HOMBRES",91,0.07428571428571429,34,3
1132,"18 a 24","MUJERES",87,0.07102040816326531,34,2
1132,"25 a 59","HOMBRES",398,0.3248979591836735,34,11
1132,"25 a 59","MUJERES",438,0.3575510204081633,34,12
1132,"60 y más","HOMBRES",81,0.06612244897959184,34,2
1132,"60 y más","MUJERES",130,0.10612244897959185,34,4
1135,"18 a 24","HOMBRES",94,0.06676136363636363,34,2
1135,"18 a 24","MUJERES",93,0.06605113636363637,34,2
1135,"25 a 59","HOMBRES",444,0.3153409090909091,34,11
1135,"25 a 59","MUJERES",505,0.3586647727272727,34,12
1135,"60 y más","HOMBRES",116,0.08238636363636363,34,3
1135,"60 y más","MUJERES",156,0.11079545454545454,34,4
1313,"18 a 24","HOMBRES",65,0.08135168961201501,31,3
1313,"18 a 24","MUJERES",55,0.0688360450563204,31,2
1313,"25 a 59","HOMBRES",252,0.31539424280350437,31,10
1313,"25 a 59","MUJERES",288,0.360450563204005,31,11
1313,"60 y más","HOMBRES",64,0.08010012515644556,31,2
1313,"60 y más","MUJERES",75,0.09386733416770963,31,3
1326,"18 a 24","HOMBRES",85,0.08947368421052632,31,3
1326,"18 a 24","MUJERES",63,0.06631578947368422,31,2
1326,"25 a 59","HOMBRES",300,0.3157894736842105,31,10
1326,"25 a 59","MUJERES",316,0.33263157894736844,31,10
1326,"60 y más","HOMBRES",83,0.08736842105263158,31,3
1326,"60 y más","MUJERES",103,0.10842105263157896,31,3
1327,"18 a 24","HOMBRES",112,0.0779401530967293,31,2
1327,"18 a 24","MUJERES",123,0.08559498956158663,31,3
1327,"25 a 59","HOMBRES",426,0.2964509394572025,31,9
1327,"25 a 59","MUJERES",475,0.33054975643702156,31,10
1327,"60 y más","HOMBRES",136,0.09464161447459986,31,3
1327,"60 y más","MUJERES",165,0.11482254697286012,31,4
1329,"18 a 24","HOMBRES",107,0.05619747899159664,31,2
1329,"18 a 24","MUJERES",140,0.07352941176470588,31,2
1329,"25 a 59","HOMBRES",540,0.28361344537815125,31,9
1329,"25 a 59","MUJERES",630,0.33088235294117646,31,10
1329,"60 y más","HOMBRES",201,0.1055672268907563,31,3
1329,"60 y más","MUJERES",286,0.15021008403361344,31,5
1632,"18 a 24","HOMBRES",127,0.08043065231158962,32,3
1632,"18 a 24","MUJERES",137,0.08676377454084863,32,3
1632,"25 a 59","HOMBRES",525,0.3324889170360988,32,11
1632,"25 a 59","MUJERES",565,0.3578214059531349,32,11
1632,"60 y más","HOMBRES",104,0.06586447118429385,32,2
1632,"60 y más","MUJERES",121,0.0766307789740342,32,2
1647,"18 a 24","HOMBRES",104,0.05790645879732739,32,2
1647,"18 a 24","MUJERES",126,0.07015590200445435,32,2
1647,"25 a 59","HOMBRES",536,0.2984409799554566,32,10
1647,"25 a 59","MUJERES",630,0.3507795100222717,32,11
1647,"60 y más","HOMBRES",174,0.09688195991091314,32,3
1647,"60 y más","MUJERES",226,0.12583518930957685,32,4
1692,"18 a 24","HOMBRES",63,0.05822550831792976,32,2
1692,"18 a 24","MUJERES",65,0.06007393715341959,32,2
1692,"25 a 59","HOMBRES",340,0.3142329020332717,32,10
1692,"25 a 59","MUJERES",383,0.3539741219963031,32,11
1692,"60 y más","HOMBRES",95,0.0878003696857671,32,3
1692,"60 y más","MUJERES",136,0.1256931608133087,32,4
1707,"18 a 24","HOMBRES",168,0.06829268292682927,32,2
1707,"18 a 24","MUJERES",147,0.05975609756097561,32,2
1707,"25 a 59","HOMBRES",737,0.2995934959349594,32,10
1707,"25 a 59","MUJERES",858,0.348780487804878,32,11
1707,"60 y más","HOMBRES",239,0.09715447154471545,32,3
1707,"60 y más","MUJERES",311,0.1264227642276423,32,4
1749,"18 a 24","HOMBRES",415,0.07354244196349459,30,2
1749,"18 a 24","MUJERES",453,0.08027644869750133,30,2
1749,"25 a 59","HOMBRES",1857,0.32908027644869753,30,10
1749,"25 a 59","MUJERES",2168,0.3841928052454368,30,12
1749,"60 y más","HOMBRES",316,0.05599858231437179,30,2
1749,"60 y más","MUJERES",434,0.07690944533049796,30,2
1832,"18 a 24","HOMBRES",171,0.06976744186046512,56,4
1832,"18 a 24","MUJERES",250,0.10199918400652797,56,6
1832,"25 a 59","HOMBRES",775,0.31619747042023666,56,18
1832,"25 a 59","MUJERES",834,0.3402692778457772,56,19
1832,"60 y más","HOMBRES",232,0.09465524275805794,56,5
1832,"60 y más","MUJERES",189,0.07711138310893513,56,4
1833,"18 a 24","HOMBRES",258,0.09106953759265796,56,5
1833,"18 a 24","MUJERES",253,0.08930462407342041,56,5
1833,"25 a 59","HOMBRES",890,0.3141546064242852,56,18
1833,"25 a 59","MUJERES",979,0.3455700670667137,56,19
1833,"60 y más","HOMBRES",240,0.08471584892340275,56,5
1833,"60 y más","MUJERES",213,0.07518531591951995,56,4
1834,"18 a 24","HOMBRES",152,0.07565953210552513,56,4
1834,"18 a 24","MUJERES",156,0.07765057242409158,56,4
1834,"25 a 59","HOMBRES",569,0.28322548531607766,56,16
1834,"25 a 59","MUJERES",702,0.34942757590841217,56,20
1834,"60 y más","HOMBRES",219,0.1090094574415132,56,6
1834,"60 y más","MUJERES",211,0.10502737680438028,56,6
1835,"18 a 24","HOMBRES",209,0.0953032375740994,56,5
1835,"18 a 24","MUJERES",172,0.0784313725490196,56,4
1835,"25 a 59","HOMBRES",654,0.2982216142270862,56,17
1835,"25 a 59","MUJERES",730,0.3328773369813042,56,19
1835,"60 y más","HOMBRES",226,0.10305517555859552,56,6
1835,"60 y más","MUJERES",202,0.09211126310989512,56,5
1929,"18 a 24","HOMBRES",227,0.1260410882842865,135,17
1929,"18 a 24","MUJERES",235,0.1304830649639089,135,18
1929,"25 a 59","HOMBRES",537,0.29816768461965576,135,40
1929,"25 a 59","MUJERES",608,0.3375902276513048,135,46
1929,"60 y más","HOMBRES",83,0.04608550805108273,135,6
1929,"60 y más","MUJERES",111,0.06163242642976124,135,8
1977,"18 a 24","HOMBRES",75,0.0791974656810982,31,2
1977,"18 a 24","MUJERES",97,0.102428722280887,31,3
1977,"25 a 59","HOMBRES",299,0.31573389651531153,31,10
1977,"25 a 59","MUJERES",381,0.40232312565997885,31,12
1977,"60 y más","HOMBRES",48,0.05068637803590285,31,2
1977,"60 y más","MUJERES",47,0.04963041182682154,31,2
1995,"18 a 24","HOMBRES",89,0.08855721393034825,31,3
1995,"18 a 24","MUJERES",81,0.08059701492537313,31,2
1995,"25 a 59","HOMBRES",307,0.3054726368159204,31,9
1995,"25 a 59","MUJERES",348,0.34626865671641793,31,11
1995,"60 y más","HOMBRES",85,0.0845771144278607,31,3
1995,"60 y más","MUJERES",95,0.0945273631840796,31,3
2028,"18 a 24","HOMBRES",88,0.07829181494661921,32,3
2028,"18 a 24","MUJERES",96,0.08540925266903915,32,3
2028,"25 a 59","HOMBRES",360,0.3202846975088968,32,10
2028,"25 a 59","MUJERES",437,0.3887900355871886,32,12
2028,"60 y más","HOMBRES",69,0.06138790035587188,32,2
2028,"60 y más","MUJERES",74,0.06583629893238434,32,2
952,"18 a 24","HOMBRES",7940,0.08948999718230488,33,3
952,"18 a 24","MUJERES",8202,0.09244294167371092,33,3
952,"25 a 59","HOMBRES",29123,0.32823894054663283,33,11
952,"25 a 59","MUJERES",31853,0.3590081713158636,33,12
952,"60 y más","HOMBRES",5940,0.06694843617920541,33,2
952,"60 y más","MUJERES",5667,0.06387151310228233,33,2
1731,"18 a 24","HOMBRES",34446,0.07788032394741959,30,2
1731,"18 a 24","MUJERES",35282,0.07977046941627063,30,2
1731,"25 a 59","HOMBRES",141746,0.3204791383107164,30,10
1731,"25 a 59","MUJERES",162543,0.36749989825772,30,11
1731,"60 y más","HOMBRES",30357,0.06863534210276423,30,2
1731,"60 y más","MUJERES",37920,0.08573482796510919,30,3
8,"18 a 24","HOMBRES",148,0.09221183800623052,30,3
8,"18 a 24","MUJERES",138,0.08598130841121496,30,4
8,"25 a 59","HOMBRES",501,0.3121495327102804,30,9
8,"25 a 59","MUJERES",555,0.34579439252336447,30,10
8,"60 y más","HOMBRES",132,0.08224299065420561,30,2
8,"60 y más","MUJERES",131,0.08161993769470405,30,2
206,"18 a 24","HOMBRES",159,0.07977922729553437,32,3
206,"18 a 24","MUJERES",167,0.08379327646763673,32,3
206,"25 a 59","HOMBRES",649,0.3256397390868038,32,10
206,"25 a 59","MUJERES",681,0.34169593577521323,32,11
206,"60 y más","HOMBRES",158,0.079277471149021575,32,2
206,"60 y más","MUJERES",179,0.08981435022579026,32,3
207,"18 a 24","HOMBRES",228,0.08888888888888889,32,3
207,"18 a 24","MUJERES",202,0.07875243664717349,32,3
207,"25 a 59","HOMBRES",744,0.29005847953216374,32,8
207,"25 a 59","MUJERES",931,0.362962962962963,32,12
207,"60 y más","HOMBRES",217,0.08460038986354776,32,3
207,"60 y más","MUJERES",243,0.09473684210526316,32,3
247,"18 a 24","HOMBRES",56,0.05561072492552135,31,1
247,"18 a 24","MUJERES",61,0.0605759682224429,31,2
247,"25 a 59","HOMBRES",278,0.27606752730883816,31,9
247,"25 a 59","MUJERES",325,0.3227408142999007,31,10
247,"60 y más","HOMBRES",122,0.1211519364448858,31,4
247,"60 y más","MUJERES",165,0.16385302879841113,31,5
260,"18 a 24","HOMBRES",713,0.08865953742850037,31,2
260,"18 a 24","MUJERES",685,0.08517781646356627,31,3
260,"25 a 59","HOMBRES",2573,0.3199452872419796,31,10
260,"25 a 59","MUJERES",3126,0.388709276299428,31,12
260,"60 y más","HOMBRES",440,0.05471275802039294,31,2
260,"60 y más","MUJERES",505,0.0627953245461328,31,2
1115,"18 a 24","HOMBRES",298,0.12055016181229772,135,16
1115,"18 a 24","MUJERES",303,0.12257281553398058,135,17
1115,"25 a 59","HOMBRES",798,0.32281553398058255,135,44
1115,"25 a 59","MUJERES",836,0.33818770226537215,135,45
1115,"60 y más","HOMBRES",111,0.04490291262135922,135,6
1115,"60 y más","MUJERES",126,0.05097087378640776,135,7
610,"18 a 24","HOMBRES",273,0.09981718464351004,186,18
610,"18 a 24","MUJERES",259,0.0946983546617916,186,18
610,"25 a 59","HOMBRES",894,0.3268738574040219,186,61
610,"25 a 59","MUJERES",1008,0.3685557586837294,186,68
610,"60 y más","HOMBRES",158,0.05776965265082267,186,11
610,"60 y más","MUJERES",143,0.05228519195612431,186,10
638,"18 a 24","HOMBRES",83,0.07965451055662189,44,4
638,"18 a 24","MUJERES",87,0.08349328214971209,44,3
638,"25 a 59","HOMBRES",328,0.31477927063339733,44,14
638,"25 a 59","MUJERES",356,0.3416506717850288,44,15
638,"60 y más","HOMBRES",90,0.08637236084452975,44,4
638,"60 y más","MUJERES",98,0.09404990403071016,44,4
773,"18 a 24","HOMBRES",137,0.07974388824214203,142,12
773,"18 a 24","MUJERES",137,0.07974388824214203,142,11
773,"25 a 59","HOMBRES",547,0.31839348079161817,142,45
773,"25 a 59","MUJERES",586,0.3410942956926659,142,49
773,"60 y más","HOMBRES",151,0.08789289871944121,142,12
773,"60 y más","MUJERES",160,0.09313154831199068,142,13
815,"18 a 24","HOMBRES",383,0.09625534053782356,33,3
815,"18 a 24","MUJERES",440,0.11058054787635084,33,4
815,"25 a 59","HOMBRES",1240,0.311636089469716,33,9
815,"25 a 59","MUJERES",1527,0.3837647650163358,33,13
815,"60 y más","HOMBRES",182,0.04574013571249057,33,2
815,"60 y más","MUJERES",207,0.05202312138728324,33,2
816,"18 a 24","HOMBRES",967,0.10135205953254375,33,4
816,"18 a 24","MUJERES",1003,0.10512524892568911,33,3
816,"25 a 59","HOMBRES",2988,0.3131747196310659,33,11
816,"25 a 59","MUJERES",3725,0.3904202913740698,33,13
816,"60 y más","HOMBRES",431,0.04517346190126821,33,1
816,"60 y más","MUJERES",427,0.04475421863536317,33,1
819,"18 a 24","HOMBRES",464,0.09053658536585366,33,3
819,"18 a 24","MUJERES",555,0.10829268292682928,33,4
819,"25 a 59","HOMBRES",1588,0.30985365853658536,33,10
819,"25 a 59","MUJERES",1995,0.3892682926829269,33,13
819,"60 y más","HOMBRES",256,0.04995121951219512,33,2
819,"60 y más","MUJERES",267,0.05209756097560975,33,1
820,"18 a 24","HOMBRES",875,0.09809417040358744,33,3
820,"18 a 24","MUJERES",908,0.10179372197309416,33,3
820,"25 a 59","HOMBRES",2816,0.31569506726457397,33,10
820,"25 a 59","MUJERES",3481,0.3902466367713005,33,14
820,"60 y más","HOMBRES",396,0.04439461883408072,33,1
820,"60 y más","MUJERES",444,0.04977578475336323,33,2
949,"18 a 24","HOMBRES",623,0.09939374601148691,33,3
949,"18 a 24","MUJERES",602,0.09604339502233568,33,3
949,"25 a 59","HOMBRES",2039,0.32530312699425656,33,11
949,"25 a 59","MUJERES",2391,0.38146139119336314,33,13
949,"60 y más","HOMBRES",309,0.04929802169751117,33,2
949,"60 y más","MUJERES",304,0.04850031908104658,33,1
950,"18 a 24","HOMBRES",603,0.08871560982786524,33,3
950,"18 a 24","MUJERES",593,0.08724437251728703,33,3
950,"25 a 59","HOMBRES",2270,0.33397086950125054,33,11
950,"25 a 59","MUJERES",2603,0.3829630719435045,33,13
950,"60 y más","HOMBRES",369,0.05428865676033544,33,1
950,"60 y más","MUJERES",359,0.05281741944975724,33,2
1054,"18 a 24","HOMBRES",53,0.05961754780652419,30,2
1054,"18 a 24","MUJERES",55,0.06186726659167604,30,2
1054,"25 a 59","HOMBRES",319,0.35883014623172105,30,10
1054,"25 a 59","MUJERES",313,0.35208098987626546,30,11
1054,"60 y más","HOMBRES",79,0.08886389201349831,30,3
1054,"60 y más","MUJERES",70,0.07874015748031496,30,2
1055,"18 a 24","HOMBRES",67,0.06646825396825397,30,2
1055,"18 a 24","MUJERES",75,0.0744047619047619,30,2
1055,"25 a 59","HOMBRES",317,0.314484126984127,30,9
1055,"25 a 59","MUJERES",349,0.3462301587301587,30,11
1055,"60 y más","HOMBRES",90,0.08928571428571429,30,3
1055,"60 y más","MUJERES",110,0.10912698412698411,30,3
1060,"18 a 24","HOMBRES",150,0.08282716731087797,30,3
1060,"18 a 24","MUJERES",139,0.07675317504141359,30,2
1060,"25 a 59","HOMBRES",572,0.315847598012148,30,10
1060,"25 a 59","MUJERES",671,0.37051352843732743,30,11
1060,"60 y más","HOMBRES",138,0.07620099392600774,30,2
1060,"60 y más","MUJERES",141,0.07785753727222529,30,2
1061,"18 a 24","HOMBRES",94,0.07859531772575251,30,3
1061,"18 a 24","MUJERES",93,0.07775919732441472,30,2
1061,"25 a 59","HOMBRES",401,0.33528428093645485,30,10
1061,"25 a 59","MUJERES",402,0.33612040133779264,30,10
1061,"60 y más","HOMBRES",98,0.08193979933110368,30,2
1061,"60 y más","MUJERES",108,0.0903010033444816,30,3
837,"18 a 24","HOMBRES",241,0.10370051635111877,164,17
837,"18 a 24","MUJERES",240,0.10327022375215146,164,17
837,"25 a 59","HOMBRES",753,0.3240103270223752,164,53
837,"25 a 59","MUJERES",802,0.34509466437177283,164,56
837,"60 y más","HOMBRES",135,0.05808950086058519,164,10
837,"60 y más","MUJERES",153,0.06583476764199656,164,11
1118,"18 a 24","HOMBRES",114,0.07383419689119171,34,3
1118,"18 a 24","MUJERES",129,0.08354922279792747,34,3
1118,"25 a 59","HOMBRES",499,0.3231865284974093,34,11
1118,"25 a 59","MUJERES",614,0.39766839378238344,34,14
1118,"60 y más","HOMBRES",85,0.05505181347150259,34,1
1118,"60 y más","MUJERES",103,0.0667098445595855,34,2
1294,"18 a 24","HOMBRES",157,0.09251620506776664,31,3
1294,"18 a 24","MUJERES",113,0.06658809664113141,31,2
1294,"25 a 59","HOMBRES",495,0.29169121979964646,31,8
1294,"25 a 59","MUJERES",588,0.3464938126104891,31,11
1294,"60 y más","HOMBRES",142,0.08367707719505009,31,3
1294,"60 y más","MUJERES",202,0.11903358868591632,31,4
1316,"18 a 24","HOMBRES",22,0.05583756345177665,31,2
1316,"18 a 24","MUJERES",25,0.06345177664974619,31,2
1316,"25 a 59","HOMBRES",114,0.2893401015228426,31,8
1316,"25 a 59","MUJERES",125,0.31725888324873097,31,10
1316,"60 y más","HOMBRES",47,0.11928934010152284,31,4
1316,"60 y más","MUJERES",61,0.1548223350253807,31,5
1338,"18 a 24","HOMBRES",195,0.0796243364638628,31,2
1338,"18 a 24","MUJERES",218,0.08901592486729278,31,3
1338,"25 a 59","HOMBRES",734,0.2997141690485913,31,9
1338,"25 a 59","MUJERES",860,0.35116374030216413,31,12
1338,"60 y más","HOMBRES",179,0.07309105757452021,31,2
1338,"60 y más","MUJERES",263,0.1073907717435688,31,3
1385,"18 a 24","HOMBRES",106,0.07397069085833916,283,21
1385,"18 a 24","MUJERES",118,0.08234473133286811,283,23
1385,"25 a 59","HOMBRES",448,0.3126308443824145,283,89
1385,"25 a 59","MUJERES",523,0.3649685973482205,283,103
1385,"60 y más","HOMBRES",114,0.07955338450802513,283,23
1385,"60 y más","MUJERES",124,0.08653175157013258,283,24
1414,"18 a 24","HOMBRES",112,0.08005718370264475,209,17
1414,"18 a 24","MUJERES",140,0.10007147962830593,209,21
1414,"25 a 59","HOMBRES",434,0.31022158684774837,209,65
1414,"25 a 59","MUJERES",495,0.3538241601143674,209,74
1414,"60 y más","HOMBRES",120,0.08577555396711938,209,18
1414,"60 y más","MUJERES",98,0.07005003573981415,209,14
1544,"18 a 24","HOMBRES",147,0.06799259944495838,186,13
1544,"18 a 24","MUJERES",192,0.08880666049953746,186,17
1544,"25 a 59","HOMBRES",697,0.32238667900092505,186,59
1544,"25 a 59","MUJERES",817,0.377890841813136,186,70
1544,"60 y más","HOMBRES",147,0.06799259944495838,186,13
1544,"60 y más","MUJERES",162,0.07493061979648474,186,14
1615,"18 a 24","HOMBRES",361,0.07863210629492486,32,3
1615,"18 a 24","MUJERES",390,0.08494881289479417,32,3
1615,"25 a 59","HOMBRES",1548,0.3371814419516445,32,11
1615,"25 a 59","MUJERES",1752,0.3816162056196907,32,12
1615,"60 y más","HOMBRES",253,0.0551078196471357,32,1
1615,"60 y más","MUJERES",287,0.06251361359181007,32,2
1639,"18 a 24","HOMBRES",161,0.07907662082514735,30,2
1639,"18 a 24","MUJERES",155,0.07612966601178782,30,2
1639,"25 a 59","HOMBRES",674,0.33104125736738704,30,10
1639,"25 a 59","MUJERES",751,0.368860510805501,30,12
1639,"60 y más","HOMBRES",144,0.07072691552062868,30,2
1639,"60 y más","MUJERES",151,0.07416502946954813,30,2
1641,"18 a 24","HOMBRES",180,0.07174172977281786,30,2
1641,"18 a 24","MUJERES",185,0.07373455559984057,30,2
1641,"25 a 59","HOMBRES",689,0.27461139896373055,30,8
1641,"25 a 59","MUJERES",861,0.34316460741331206,30,11
1641,"60 y más","HOMBRES",257,0.10243124750896772,30,3
1641,"60 y más","MUJERES",337,0.13431646074133122,30,4
1701,"18 a 24","HOMBRES",85,0.07124895222129086,30,2
1701,"18 a 24","MUJERES",97,0.08130762782900251,30,2
1701,"25 a 59","HOMBRES",369,0.30930427493713325,30,10
1701,"25 a 59","MUJERES",442,0.3704945515507125,30,11
1701,"60 y más","HOMBRES",97,0.08130762782900251,30,2
1701,"60 y más","MUJERES",103,0.08633696563285834,30,3
1730,"18 a 24","HOMBRES",314,0.07836286498627403,30,3
1730,"18 a 24","MUJERES",308,0.07686548540054904,30,2
1730,"25 a 59","HOMBRES",1309,0.3266783129523334,30,10
1730,"25 a 59","MUJERES",1494,0.3728475168455204,30,11
1730,"60 y más","HOMBRES",278,0.06937858747192413,30,2
1730,"60 y más","MUJERES",304,0.07586723234339905,30,2
1733,"18 a 24","HOMBRES",110,0.05984766050054407,30,2
1733,"18 a 24","MUJERES",133,0.07236126224156691,30,1
1733,"25 a 59","HOMBRES",583,0.31719260065288357,30,10
1733,"25 a 59","MUJERES",662,0.3601741022850925,30,11
1733,"60 y más","HOMBRES",155,0.08433079434167573,30,3
1733,"60 y más","MUJERES",195,0.10609357997823722,30,3
2030,"18 a 24","HOMBRES",45,0.08555133079847908,32,3
2030,"18 a 24","MUJERES",44,0.08365019011406843,32,2
2030,"25 a 59","HOMBRES",164,0.311787072243346,32,10
2030,"25 a 59","MUJERES",201,0.3821292775665399,32,12
2030,"60 y más","HOMBRES",30,0.05703422053231939,32,2
2030,"60 y más","MUJERES",42,0.07984790874524715,32,3
