seccion,g_etario,sexo,n,Localidad,pct,encuestas
209,18 a 24,HOMBRES,606,CINTALAPA,0.10680296087416284,3
209,18 a 24,MUJERES,558,CINTALAPA,0.09834332040888262,3
209,25 a 59,HOMBRES,1767,CINTALAPA,0.3114205146281283,9
209,25 a 59,MUJERES,2066,CINTALAPA,0.3641170250264364,11
209,60 y más,HOMBRES,330,CINTALAPA,0.058160028198801554,2
209,60 y más,MUJERES,347,CINTALAPA,0.0611561508635883,2
213,18 a 24,HOMBRES,170,EJIDO LA CONSTITUCION CHAYOTAL,0.09134873723804406,3
213,18 a 24,HOMBRES,170,EJIDO RAFAEL CAL Y MAYOR,0.09134873723804406,3
213,18 a 24,MUJERES,145,EJIDO LA CONSTITUCION CHAYOTAL,0.07791509940891994,2
213,18 a 24,MUJERES,145,EJIDO RAFAEL CAL Y MAYOR,0.07791509940891994,2
213,25 a 59,HOMBRES,672,EJIDO LA CONSTITUCION CHAYOTAL,0.3610961848468565,11
213,25 a 59,HOMBRES,672,EJIDO RAFAEL CAL Y MAYOR,0.3610961848468565,11
213,25 a 59,MUJERES,610,EJIDO LA CONSTITUCION CHAYOTAL,0.3277807630306287,10
213,25 a 59,MUJERES,610,EJIDO RAFAEL CAL Y MAYOR,0.3277807630306287,10
213,60 y más,HOMBRES,155,EJIDO LA CONSTITUCION CHAYOTAL,0.08328855454056959,2
213,60 y más,HOMBRES,155,EJIDO RAFAEL CAL Y MAYOR,0.08328855454056959,2
213,60 y más,MUJERES,109,EJIDO LA CONSTITUCION CHAYOTAL,0.05857066093498119,2
213,60 y más,MUJERES,109,EJIDO RAFAEL CAL Y MAYOR,0.05857066093498119,2
239,18 a 24,HOMBRES,378,COMITAN DE DOMINGUEZ,0.08657810352725608,3
239,18 a 24,MUJERES,425,COMITAN DE DOMINGUEZ,0.09734310581768209,3
239,25 a 59,HOMBRES,1373,COMITAN DE DOMINGUEZ,0.3144754924415941,9
239,25 a 59,MUJERES,1615,COMITAN DE DOMINGUEZ,0.3699038021071919,11
239,60 y más,HOMBRES,241,COMITAN DE DOMINGUEZ,0.05519926706367384,2
239,60 y más,MUJERES,334,COMITAN DE DOMINGUEZ,0.07650022904260192,2
240,18 a 24,HOMBRES,134,COMITAN DE DOMINGUEZ,0.06939409632314862,2
240,18 a 24,MUJERES,166,COMITAN DE DOMINGUEZ,0.0859658208182289,3
240,25 a 59,HOMBRES,595,COMITAN DE DOMINGUEZ,0.30813050233039874,9
240,25 a 59,MUJERES,697,COMITAN DE DOMINGUEZ,0.3609528741584671,11
240,60 y más,HOMBRES,147,COMITAN DE DOMINGUEZ,0.07612635939927499,2
240,60 y más,MUJERES,192,COMITAN DE DOMINGUEZ,0.09943034697048161,3
257,18 a 24,HOMBRES,165,COMITAN DE DOMINGUEZ,0.07731958762886598,2
257,18 a 24,MUJERES,151,COMITAN DE DOMINGUEZ,0.07075913776944705,2
257,25 a 59,HOMBRES,609,COMITAN DE DOMINGUEZ,0.28537956888472354,9
257,25 a 59,MUJERES,785,COMITAN DE DOMINGUEZ,0.36785379568884724,11
257,60 y más,HOMBRES,192,COMITAN DE DOMINGUEZ,0.08997188378631678,3
257,60 y más,MUJERES,232,COMITAN DE DOMINGUEZ,0.10871602624179943,3
284,18 a 24,HOMBRES,131,CASH,0.07811568276684555,2
284,18 a 24,MUJERES,156,CASH,0.09302325581395349,3
284,25 a 59,HOMBRES,516,CASH,0.3076923076923077,9
284,25 a 59,MUJERES,598,CASH,0.35658914728682173,11
284,60 y más,HOMBRES,135,CASH,0.08050089445438283,2
284,60 y más,MUJERES,141,CASH,0.08407871198568873,3
287,18 a 24,HOMBRES,99,GUADALUPE QUISTAJ,0.080553295362083,2
287,18 a 24,MUJERES,86,GUADALUPE QUISTAJ,0.06997558991049634,2
287,25 a 59,HOMBRES,367,GUADALUPE QUISTAJ,0.2986167615947925,9
287,25 a 59,MUJERES,433,GUADALUPE QUISTAJ,0.35231895850284783,11
287,60 y más,HOMBRES,122,GUADALUPE QUISTAJ,0.09926769731489016,3
287,60 y más,MUJERES,122,GUADALUPE QUISTAJ,0.09926769731489016,3
466,18 a 24,HOMBRES,304,PAMAL NAVIL,0.12302711452853096,4
466,18 a 24,MUJERES,274,PAMAL NAVIL,0.11088628085795224,3
466,25 a 59,HOMBRES,819,PAMAL NAVIL,0.3314447592067989,10
466,25 a 59,MUJERES,834,PAMAL NAVIL,0.33751517604208825,10
466,60 y más,HOMBRES,129,PAMAL NAVIL,0.05220558478348847,2
466,60 y más,MUJERES,111,PAMAL NAVIL,0.04492108458114124,1
468,18 a 24,HOMBRES,177,SAN JOSE PATHUITZ,0.09345300950369588,3
468,18 a 24,MUJERES,233,SAN JOSE PATHUITZ,0.12302006335797254,4
468,25 a 59,HOMBRES,629,SAN JOSE PATHUITZ,0.3321013727560718,10
468,25 a 59,MUJERES,657,SAN JOSE PATHUITZ,0.3468848996832101,10
468,60 y más,HOMBRES,91,SAN JOSE PATHUITZ,0.04804646251319958,1
468,60 y más,MUJERES,107,SAN JOSE PATHUITZ,0.056494192185850056,2
470,18 a 24,HOMBRES,196,JETJA,0.11155378486055777,3
470,18 a 24,MUJERES,166,JETJA,0.09447922595332954,3
470,25 a 59,HOMBRES,574,JETJA,0.32669322709163345,10
470,25 a 59,MUJERES,609,JETJA,0.3466135458167331,10
470,60 y más,HOMBRES,109,JETJA,0.062037564029595905,2
470,60 y más,MUJERES,103,JETJA,0.058622652248150255,2
472,18 a 24,HOMBRES,218,EL MANGO OXETJA II,0.13498452012383902,4
472,18 a 24,MUJERES,196,EL MANGO OXETJA II,0.12136222910216718,4
472,25 a 59,HOMBRES,515,EL MANGO OXETJA II,0.3188854489164087,10
472,25 a 59,MUJERES,554,EL MANGO OXETJA II,0.3430340557275542,10
472,60 y más,HOMBRES,75,EL MANGO OXETJA II,0.04643962848297214,1
472,60 y más,MUJERES,57,EL MANGO OXETJA II,0.03529411764705882,1
483,18 a 24,HOMBRES,237,RANCHERIA JOYBE,0.12434417628541448,4
483,18 a 24,MUJERES,238,RANCHERIA JOYBE,0.1248688352570829,4
483,25 a 59,HOMBRES,577,RANCHERIA JOYBE,0.30272822665267574,9
483,25 a 59,MUJERES,674,RANCHERIA JOYBE,0.35362014690451204,11
483,60 y más,HOMBRES,90,RANCHERIA JOYBE,0.0472193074501574,1
483,60 y más,MUJERES,90,RANCHERIA JOYBE,0.0472193074501574,1
485,18 a 24,HOMBRES,159,BACHAJON,0.08493589743589744,3
485,18 a 24,MUJERES,231,BACHAJON,0.1233974358974359,4
485,25 a 59,HOMBRES,576,BACHAJON,0.3076923076923077,9
485,25 a 59,MUJERES,701,BACHAJON,0.37446581196581197,11
485,60 y más,HOMBRES,87,BACHAJON,0.046474358974358976,1
485,60 y más,MUJERES,118,BACHAJON,0.06303418803418803,2
513,18 a 24,HOMBRES,57,EJIDO NUEVO HORIZONTE,0.05858170606372045,2
513,18 a 24,HOMBRES,57,EJIDO REVOLUCION,0.05858170606372045,2
513,18 a 24,MUJERES,63,EJIDO NUEVO HORIZONTE,0.06474820143884892,2
513,18 a 24,MUJERES,63,EJIDO REVOLUCION,0.06474820143884892,2
513,25 a 59,HOMBRES,310,EJIDO NUEVO HORIZONTE,0.3186022610483042,10
513,25 a 59,HOMBRES,310,EJIDO REVOLUCION,0.3186022610483042,10
513,25 a 59,MUJERES,333,EJIDO NUEVO HORIZONTE,0.34224049331963,10
513,25 a 59,MUJERES,333,EJIDO REVOLUCION,0.34224049331963,10
513,60 y más,HOMBRES,102,EJIDO NUEVO HORIZONTE,0.10483042137718397,3
513,60 y más,HOMBRES,102,EJIDO REVOLUCION,0.10483042137718397,3
513,60 y más,MUJERES,108,EJIDO NUEVO HORIZONTE,0.11099691675231244,3
513,60 y más,MUJERES,108,EJIDO REVOLUCION,0.11099691675231244,3
515,18 a 24,HOMBRES,45,EJIDO SAN JOSE LAS PALMAS,0.09554140127388536,3
515,18 a 24,MUJERES,26,EJIDO SAN JOSE LAS PALMAS,0.055201698513800426,2
515,25 a 59,HOMBRES,158,EJIDO SAN JOSE LAS PALMAS,0.3354564755838641,10
515,25 a 59,MUJERES,162,EJIDO SAN JOSE LAS PALMAS,0.34394904458598724,10
515,60 y más,HOMBRES,47,EJIDO SAN JOSE LAS PALMAS,0.09978768577494693,3
515,60 y más,MUJERES,33,EJIDO SAN JOSE LAS PALMAS,0.07006369426751592,2
523,18 a 24,HOMBRES,94,EJIDO NUEVO LLANO GRANDE,0.091796875,3
523,18 a 24,MUJERES,89,EJIDO NUEVO LLANO GRANDE,0.0869140625,3
523,25 a 59,HOMBRES,336,EJIDO NUEVO LLANO GRANDE,0.328125,10
523,25 a 59,MUJERES,354,EJIDO NUEVO LLANO GRANDE,0.345703125,10
523,60 y más,HOMBRES,81,EJIDO NUEVO LLANO GRANDE,0.0791015625,2
523,60 y más,MUJERES,70,EJIDO NUEVO LLANO GRANDE,0.068359375,2
527,18 a 24,HOMBRES,109,EJIDO NUEVO MEXICO,0.07617051013277429,2
527,18 a 24,MUJERES,126,EJIDO NUEVO MEXICO,0.0880503144654088,3
527,25 a 59,HOMBRES,436,EJIDO NUEVO MEXICO,0.30468204053109715,9
527,25 a 59,MUJERES,510,EJIDO NUEVO MEXICO,0.35639412997903563,11
527,60 y más,HOMBRES,136,EJIDO NUEVO MEXICO,0.09503843466107617,3
527,60 y más,MUJERES,114,EJIDO NUEVO MEXICO,0.07966457023060797,2
725,18 a 24,HOMBRES,360,NUEVO MEXICO,0.1130298273155416,3
725,18 a 24,MUJERES,331,NUEVO MEXICO,0.10392464678178964,3
725,25 a 59,HOMBRES,972,NUEVO MEXICO,0.3051805337519623,9
725,25 a 59,MUJERES,1120,NUEVO MEXICO,0.3516483516483517,11
725,60 y más,HOMBRES,212,NUEVO MEXICO,0.06656200941915227,2
725,60 y más,MUJERES,190,NUEVO MEXICO,0.059654631083202514,2
730,18 a 24,HOMBRES,297,PUERTO SAN BARTOLO,0.1204868154158215,4
730,18 a 24,MUJERES,263,PUERTO SAN BARTOLO,0.10669371196754564,3
730,25 a 59,HOMBRES,842,PUERTO SAN BARTOLO,0.3415821501014199,10
730,25 a 59,MUJERES,817,PUERTO SAN BARTOLO,0.3314401622718053,10
730,60 y más,HOMBRES,126,PUERTO SAN BARTOLO,0.051115618661257606,2
730,60 y más,MUJERES,120,PUERTO SAN BARTOLO,0.0486815415821501,1
735,18 a 24,HOMBRES,193,EL ENCANTO,0.08573967125721901,3
735,18 a 24,MUJERES,244,EL ENCANTO,0.10839626832518881,3
735,25 a 59,HOMBRES,675,EL ENCANTO,0.2998667258996002,9
735,25 a 59,MUJERES,796,EL ENCANTO,0.35362061306086184,11
735,60 y más,HOMBRES,156,EL ENCANTO,0.0693025322079076,2
735,60 y más,MUJERES,187,EL ENCANTO,0.08307418924922257,2
736,18 a 24,HOMBRES,260,SALTILLO,0.09167842031029619,3
736,18 a 24,MUJERES,262,SALTILLO,0.0923836389280677,3
736,25 a 59,HOMBRES,886,SALTILLO,0.3124118476727786,9
736,25 a 59,MUJERES,1032,SALTILLO,0.3638928067700987,11
736,60 y más,HOMBRES,182,SALTILLO,0.06417489421720733,2
736,60 y más,MUJERES,214,SALTILLO,0.07545839210155147,2
739,18 a 24,HOMBRES,237,GABINO VAZQUEZ,0.10772727272727273,3
739,18 a 24,MUJERES,212,GABINO VAZQUEZ,0.09636363636363636,3
739,25 a 59,HOMBRES,648,GABINO VAZQUEZ,0.29454545454545455,9
739,25 a 59,MUJERES,802,GABINO VAZQUEZ,0.36454545454545456,11
739,60 y más,HOMBRES,147,GABINO VAZQUEZ,0.06681818181818182,2
739,60 y más,MUJERES,154,GABINO VAZQUEZ,0.07,2
740,18 a 24,HOMBRES,183,SAN JOSE LAS PALMAS,0.07898144151920587,2
740,18 a 24,MUJERES,220,SAN JOSE LAS PALMAS,0.09495036685369011,3
740,25 a 59,HOMBRES,750,SAN JOSE LAS PALMAS,0.32369443245576174,10
740,25 a 59,MUJERES,819,SAN JOSE LAS PALMAS,0.35347432024169184,11
740,60 y más,HOMBRES,167,SAN JOSE LAS PALMAS,0.07207596029348295,2
740,60 y más,MUJERES,178,SAN JOSE LAS PALMAS,0.07682347863616745,2
741,18 a 24,HOMBRES,244,EL PROGRESO,0.10141313383208644,3
741,18 a 24,MUJERES,238,EL PROGRESO,0.09891936824605153,3
741,25 a 59,HOMBRES,765,EL PROGRESO,0.3179551122194514,10
741,25 a 59,MUJERES,839,EL PROGRESO,0.3487115544472153,10
741,60 y más,HOMBRES,154,EL PROGRESO,0.06400665004156277,2
741,60 y más,MUJERES,166,EL PROGRESO,0.06899418121363259,2
817,18 a 24,HOMBRES,177,OCOSINGO,0.07736013986013986,2
817,18 a 24,MUJERES,229,OCOSINGO,0.10008741258741259,3
817,25 a 59,HOMBRES,742,OCOSINGO,0.3243006993006993,10
817,25 a 59,MUJERES,811,OCOSINGO,0.354458041958042,11
817,60 y más,HOMBRES,161,OCOSINGO,0.07036713286713286,2
817,60 y más,MUJERES,168,OCOSINGO,0.07342657342657342,2
839,18 a 24,HOMBRES,307,TENANGO,0.10029402156158118,3
839,18 a 24,MUJERES,305,TENANGO,0.099640640313623,3
839,25 a 59,HOMBRES,952,TENANGO,0.31100947402809537,9
839,25 a 59,MUJERES,1105,TENANGO,0.36099313949689643,11
839,60 y más,HOMBRES,209,TENANGO,0.06827834041163018,2
839,60 y más,MUJERES,183,TENANGO,0.0597843841881738,2
897,18 a 24,HOMBRES,322,COLONIA C N C,0.11286365229582895,3
897,18 a 24,MUJERES,267,COLONIA C N C,0.0935856992639327,3
897,25 a 59,HOMBRES,929,COLONIA C N C,0.3256221521205748,10
897,25 a 59,MUJERES,974,COLONIA C N C,0.3413950227830354,10
897,60 y más,HOMBRES,194,COLONIA C N C,0.06799859796705222,2
897,60 y más,MUJERES,167,COLONIA C N C,0.05853487556957589,2
901,18 a 24,HOMBRES,337,OCUILAPA DE JUAREZ,0.08343649418172815,3
901,18 a 24,MUJERES,396,OCUILAPA DE JUAREZ,0.09804407031443427,3
901,25 a 59,HOMBRES,1343,OCUILAPA DE JUAREZ,0.3325080465461748,10
901,25 a 59,MUJERES,1396,OCUILAPA DE JUAREZ,0.34563010646199555,10
901,60 y más,HOMBRES,289,OCUILAPA DE JUAREZ,0.07155236444664521,2
901,60 y más,MUJERES,278,OCUILAPA DE JUAREZ,0.06882891804902204,2
903,18 a 24,HOMBRES,225,EL GAVILAN,0.11024007839294464,3
903,18 a 24,MUJERES,215,EL GAVILAN,0.10534051935325821,3
903,25 a 59,HOMBRES,673,EL GAVILAN,0.3297403233708966,10
903,25 a 59,MUJERES,696,EL GAVILAN,0.3410093091621754,10
903,60 y más,HOMBRES,127,EL GAVILAN,0.06222439980401764,2
903,60 y más,MUJERES,105,EL GAVILAN,0.0514453699167075,2
904,18 a 24,HOMBRES,71,VILLAHERMOSA,0.07230142566191446,2
904,18 a 24,MUJERES,90,VILLAHERMOSA,0.09164969450101833,3
904,25 a 59,HOMBRES,315,VILLAHERMOSA,0.32077393075356414,10
904,25 a 59,MUJERES,361,VILLAHERMOSA,0.36761710794297353,11
904,60 y más,HOMBRES,78,VILLAHERMOSA,0.07942973523421588,2
904,60 y más,MUJERES,67,VILLAHERMOSA,0.06822810590631365,2
912,18 a 24,HOMBRES,132,EJIDO JOSE CASTILLO TIELMANS,0.07403252944475602,2
912,18 a 24,MUJERES,128,EJIDO JOSE CASTILLO TIELMANS,0.0717891194615816,2
912,25 a 59,HOMBRES,576,EJIDO JOSE CASTILLO TIELMANS,0.32305103757711723,10
912,25 a 59,MUJERES,578,EJIDO JOSE CASTILLO TIELMANS,0.32417274256870443,10
912,60 y más,HOMBRES,198,EJIDO JOSE CASTILLO TIELMANS,0.11104879416713405,3
912,60 y más,MUJERES,171,EJIDO JOSE CASTILLO TIELMANS,0.09590577678070668,3
946,18 a 24,HOMBRES,273,PALENQUE,0.08125,2
946,18 a 24,MUJERES,287,PALENQUE,0.08541666666666667,3
946,25 a 59,HOMBRES,1050,PALENQUE,0.3125,9
946,25 a 59,MUJERES,1294,PALENQUE,0.38511904761904764,12
946,60 y más,HOMBRES,233,PALENQUE,0.0693452380952381,2
946,60 y más,MUJERES,223,PALENQUE,0.06636904761904762,2
947,18 a 24,HOMBRES,645,PALENQUE,0.09097320169252468,3
947,18 a 24,MUJERES,633,PALENQUE,0.08928067700987306,3
947,25 a 59,HOMBRES,2422,PALENQUE,0.341607898448519,10
947,25 a 59,MUJERES,2714,PALENQUE,0.38279266572637516,11
947,60 y más,HOMBRES,308,PALENQUE,0.04344146685472496,1
947,60 y más,MUJERES,368,PALENQUE,0.05190409026798307,2
963,18 a 24,HOMBRES,192,ROBERTO BARRIOS,0.09018318459370596,3
963,18 a 24,MUJERES,217,ROBERTO BARRIOS,0.10192578675434476,3
963,25 a 59,HOMBRES,696,ROBERTO BARRIOS,0.3269140441521841,10
963,25 a 59,MUJERES,732,ROBERTO BARRIOS,0.343823391263504,10
963,60 y más,HOMBRES,147,ROBERTO BARRIOS,0.06904650070455613,2
963,60 y más,MUJERES,145,ROBERTO BARRIOS,0.06810709253170502,2
965,18 a 24,HOMBRES,222,EL DESIERTO,0.08470049599389547,3
965,18 a 24,MUJERES,253,EL DESIERTO,0.09652804273178177,3
965,25 a 59,HOMBRES,898,EL DESIERTO,0.34261732163296454,10
965,25 a 59,MUJERES,897,EL DESIERTO,0.34223578786722625,10
965,60 y más,HOMBRES,195,EL DESIERTO,0.07439908431896222,2
965,60 y más,MUJERES,156,EL DESIERTO,0.059519267455169785,2
968,18 a 24,HOMBRES,200,NUEVO YAJALON,0.10147133434804667,3
968,18 a 24,MUJERES,167,NUEVO YAJALON,0.08472856418061897,3
968,25 a 59,HOMBRES,651,NUEVO YAJALON,0.3302891933028919,10
968,25 a 59,MUJERES,660,NUEVO YAJALON,0.334855403348554,10
968,60 y más,HOMBRES,147,NUEVO YAJALON,0.0745814307458143,2
968,60 y más,MUJERES,146,NUEVO YAJALON,0.07407407407407407,2
1010,18 a 24,HOMBRES,180,PIJIJIAPAN,0.0797872340425532,2
1010,18 a 24,MUJERES,166,PIJIJIAPAN,0.07358156028368794,2
1010,25 a 59,HOMBRES,692,PIJIJIAPAN,0.3067375886524823,9
1010,25 a 59,MUJERES,794,PIJIJIAPAN,0.3519503546099291,11
1010,60 y más,HOMBRES,189,PIJIJIAPAN,0.08377659574468085,3
1010,60 y más,MUJERES,235,PIJIJIAPAN,0.10416666666666667,3
1013,18 a 24,HOMBRES,65,PIJIJIAPAN,0.08597883597883597,3
1013,18 a 24,MUJERES,45,PIJIJIAPAN,0.05952380952380952,2
1013,25 a 59,HOMBRES,228,PIJIJIAPAN,0.30158730158730157,9
1013,25 a 59,MUJERES,284,PIJIJIAPAN,0.37566137566137564,11
1013,60 y más,HOMBRES,73,PIJIJIAPAN,0.09656084656084656,3
1013,60 y más,MUJERES,61,PIJIJIAPAN,0.08068783068783068,2
1016,18 a 24,HOMBRES,97,EJIDO TAMAULIPAS ESTACION JOAQUIN AMARO,0.08637577916295637,3
1016,18 a 24,MUJERES,104,EJIDO TAMAULIPAS ESTACION JOAQUIN AMARO,0.09260908281389137,3
1016,25 a 59,HOMBRES,341,EJIDO TAMAULIPAS ESTACION JOAQUIN AMARO,0.30365093499554763,9
1016,25 a 59,MUJERES,365,EJIDO TAMAULIPAS ESTACION JOAQUIN AMARO,0.3250222617987533,10
1016,60 y más,HOMBRES,123,EJIDO TAMAULIPAS ESTACION JOAQUIN AMARO,0.10952804986642921,3
1016,60 y más,MUJERES,93,EJIDO TAMAULIPAS ESTACION JOAQUIN AMARO,0.08281389136242208,2
1017,18 a 24,HOMBRES,115,NUEVO MILENIO SANTA CRUZ,0.0705521472392638,2
1017,18 a 24,MUJERES,120,NUEVO MILENIO SANTA CRUZ,0.0736196319018405,2
1017,25 a 59,HOMBRES,485,NUEVO MILENIO SANTA CRUZ,0.29754601226993865,9
1017,25 a 59,MUJERES,527,NUEVO MILENIO SANTA CRUZ,0.32331288343558284,10
1017,60 y más,HOMBRES,217,NUEVO MILENIO SANTA CRUZ,0.13312883435582823,4
1017,60 y más,MUJERES,166,NUEVO MILENIO SANTA CRUZ,0.10184049079754601,3
1025,18 a 24,HOMBRES,63,EJIDO EL PROGRESO,0.0665258711721225,2
1025,18 a 24,MUJERES,71,EJIDO EL PROGRESO,0.07497360084477296,2
1025,25 a 59,HOMBRES,315,EJIDO EL PROGRESO,0.3326293558606125,10
1025,25 a 59,MUJERES,304,EJIDO EL PROGRESO,0.32101372756071805,10
1025,60 y más,HOMBRES,102,EJIDO EL PROGRESO,0.10770855332629356,3
1025,60 y más,MUJERES,92,EJIDO EL PROGRESO,0.09714889123548047,3
1028,18 a 24,HOMBRES,109,EJIDO LA ESPERANZA (EL ZAPOTAL),0.0634828188701223,2
1028,18 a 24,MUJERES,151,EJIDO LA ESPERANZA (EL ZAPOTAL),0.08794408852649971,3
1028,25 a 59,HOMBRES,562,EJIDO LA ESPERANZA (EL ZAPOTAL),0.32731508444962143,10
1028,25 a 59,MUJERES,586,EJIDO LA ESPERANZA (EL ZAPOTAL),0.34129295282469424,10
1028,60 y más,HOMBRES,170,EJIDO LA ESPERANZA (EL ZAPOTAL),0.09900990099009901,3
1028,60 y más,MUJERES,139,EJIDO LA ESPERANZA (EL ZAPOTAL),0.0809551543389633,2
1053,18 a 24,HOMBRES,81,REFORMA,0.07692307692307693,2
1053,18 a 24,MUJERES,74,REFORMA,0.07027540360873694,2
1053,25 a 59,HOMBRES,324,REFORMA,0.3076923076923077,9
1053,25 a 59,MUJERES,378,REFORMA,0.358974358974359,11
1053,60 y más,HOMBRES,103,REFORMA,0.09781576448243115,3
1053,60 y más,MUJERES,93,REFORMA,0.08831908831908832,3
1059,18 a 24,HOMBRES,67,REFORMA,0.06175115207373272,2
1059,18 a 24,MUJERES,73,REFORMA,0.06728110599078341,2
1059,25 a 59,HOMBRES,358,REFORMA,0.32995391705069127,10
1059,25 a 59,MUJERES,404,REFORMA,0.3723502304147465,11
1059,60 y más,HOMBRES,82,REFORMA,0.07557603686635944,2
1059,60 y más,MUJERES,101,REFORMA,0.09308755760368663,3
1062,18 a 24,HOMBRES,281,REFORMA,0.0889803673210893,3
1062,18 a 24,MUJERES,278,REFORMA,0.08803039898670044,3
1062,25 a 59,HOMBRES,974,REFORMA,0.3084230525649145,9
1062,25 a 59,MUJERES,1162,REFORMA,0.36795440151994935,11
1062,60 y más,HOMBRES,236,REFORMA,0.07473084230525649,2
1062,60 y más,MUJERES,227,REFORMA,0.07188093730208993,2
1068,18 a 24,HOMBRES,79,COLONIA MIGUEL ALDAMA,0.08085977482088025,2
1068,18 a 24,MUJERES,92,COLONIA MIGUEL ALDAMA,0.09416581371545547,3
1068,25 a 59,HOMBRES,297,COLONIA MIGUEL ALDAMA,0.3039918116683726,9
1068,25 a 59,MUJERES,327,COLONIA MIGUEL ALDAMA,0.33469805527123847,10
1068,60 y más,HOMBRES,99,COLONIA MIGUEL ALDAMA,0.10133060388945753,3
1068,60 y más,MUJERES,83,COLONIA MIGUEL ALDAMA,0.0849539406345957,3
1069,18 a 24,HOMBRES,177,COLONIA EMILIANO ZAPATA (VISTA HERMOSA),0.08274894810659186,2
1069,18 a 24,HOMBRES,177,RANCHERIA SANTA CRUZ,0.08274894810659186,2
1069,18 a 24,MUJERES,181,COLONIA EMILIANO ZAPATA (VISTA HERMOSA),0.08461898083216457,3
1069,18 a 24,MUJERES,181,RANCHERIA SANTA CRUZ,0.08461898083216457,3
1069,25 a 59,HOMBRES,718,COLONIA EMILIANO ZAPATA (VISTA HERMOSA),0.33567087424029923,10
1069,25 a 59,HOMBRES,718,RANCHERIA SANTA CRUZ,0.33567087424029923,10
1069,25 a 59,MUJERES,763,COLONIA EMILIANO ZAPATA (VISTA HERMOSA),0.35670874240299205,11
1069,25 a 59,MUJERES,763,RANCHERIA SANTA CRUZ,0.35670874240299205,11
1069,60 y más,HOMBRES,163,COLONIA EMILIANO ZAPATA (VISTA HERMOSA),0.07620383356708742,2
1069,60 y más,HOMBRES,163,RANCHERIA SANTA CRUZ,0.07620383356708742,2
1069,60 y más,MUJERES,137,COLONIA EMILIANO ZAPATA (VISTA HERMOSA),0.06404862085086489,2
1069,60 y más,MUJERES,137,RANCHERIA SANTA CRUZ,0.06404862085086489,2
1098,18 a 24,HOMBRES,300,ACTIEPA YOCHIB,0.10145417653026716,3
1098,18 a 24,HOMBRES,300,AGUA BLANCA,0.10145417653026716,3
1098,18 a 24,MUJERES,283,ACTIEPA YOCHIB,0.09570510652688535,3
1098,18 a 24,MUJERES,283,AGUA BLANCA,0.09570510652688535,3
1098,25 a 59,HOMBRES,947,ACTIEPA YOCHIB,0.32025701724721,10
1098,25 a 59,HOMBRES,947,AGUA BLANCA,0.32025701724721,10
1098,25 a 59,MUJERES,1018,ACTIEPA YOCHIB,0.3442678390260399,10
1098,25 a 59,MUJERES,1018,AGUA BLANCA,0.3442678390260399,10
1098,60 y más,HOMBRES,209,ACTIEPA YOCHIB,0.07067974298275279,2
1098,60 y más,HOMBRES,209,AGUA BLANCA,0.07067974298275279,2
1098,60 y más,MUJERES,200,ACTIEPA YOCHIB,0.06763611768684477,2
1098,60 y más,MUJERES,200,AGUA BLANCA,0.06763611768684477,2
1101,18 a 24,HOMBRES,133,JILUMIL,0.11176470588235295,3
1101,18 a 24,MUJERES,119,JILUMIL,0.1,3
1101,25 a 59,HOMBRES,347,JILUMIL,0.2915966386554622,9
1101,25 a 59,MUJERES,423,JILUMIL,0.3554621848739496,11
1101,60 y más,HOMBRES,84,JILUMIL,0.07058823529411765,2
1101,60 y más,MUJERES,84,JILUMIL,0.07058823529411765,2
1103,18 a 24,HOMBRES,241,SUCLUMPA,0.10370051635111877,3
1103,18 a 24,MUJERES,240,SUCLUMPA,0.10327022375215146,3
1103,25 a 59,HOMBRES,753,SUCLUMPA,0.3240103270223752,10
1103,25 a 59,MUJERES,802,SUCLUMPA,0.34509466437177283,10
1103,60 y más,HOMBRES,135,SUCLUMPA,0.058089500860585196,2
1103,60 y más,MUJERES,153,SUCLUMPA,0.06583476764199656,2
1106,18 a 24,HOMBRES,225,BELIZARIO DOMINGUEZ,0.07944915254237288,2
1106,18 a 24,MUJERES,243,BELIZARIO DOMINGUEZ,0.0858050847457627,3
1106,25 a 59,HOMBRES,933,BELIZARIO DOMINGUEZ,0.3294491525423729,10
1106,25 a 59,MUJERES,1033,BELIZARIO DOMINGUEZ,0.3647598870056497,11
1106,60 y más,HOMBRES,204,BELIZARIO DOMINGUEZ,0.07203389830508475,2
1106,60 y más,MUJERES,194,BELIZARIO DOMINGUEZ,0.06850282485875706,2
1113,18 a 24,HOMBRES,553,SAN CRISTOBAL DE LAS CASAS,0.09148056244830438,3
1113,18 a 24,MUJERES,601,SAN CRISTOBAL DE LAS CASAS,0.09942100909842845,3
1113,25 a 59,HOMBRES,1923,SAN CRISTOBAL DE LAS CASAS,0.31811414392059556,10
1113,25 a 59,MUJERES,2390,SAN CRISTOBAL DE LAS CASAS,0.39536807278742764,12
1113,60 y más,HOMBRES,287,SAN CRISTOBAL DE LAS CASAS,0.047477253928866835,1
1113,60 y más,MUJERES,291,SAN CRISTOBAL DE LAS CASAS,0.04813895781637717,1
1138,18 a 24,HOMBRES,76,SAN CRISTOBAL DE LAS CASAS,0.07851239669421488,2
1138,18 a 24,MUJERES,49,SAN CRISTOBAL DE LAS CASAS,0.0506198347107438,2
1138,25 a 59,HOMBRES,288,SAN CRISTOBAL DE LAS CASAS,0.2975206611570248,9
1138,25 a 59,MUJERES,338,SAN CRISTOBAL DE LAS CASAS,0.34917355371900827,10
1138,60 y más,HOMBRES,84,SAN CRISTOBAL DE LAS CASAS,0.08677685950413223,3
1138,60 y más,MUJERES,133,SAN CRISTOBAL DE LAS CASAS,0.13739669421487602,4
1144,18 a 24,HOMBRES,529,SAN CRISTOBAL DE LAS CASAS,0.08862456022784386,3
1144,18 a 24,MUJERES,585,SAN CRISTOBAL DE LAS CASAS,0.09800636622549841,3
1144,25 a 59,HOMBRES,1884,SAN CRISTOBAL DE LAS CASAS,0.3156307589210923,9
1144,25 a 59,MUJERES,2291,SAN CRISTOBAL DE LAS CASAS,0.3838163846540459,12
1144,60 y más,HOMBRES,291,SAN CRISTOBAL DE LAS CASAS,0.04875188473781203,1
1144,60 y más,MUJERES,389,SAN CRISTOBAL DE LAS CASAS,0.0651700452337075,2
1145,18 a 24,HOMBRES,206,SAN CRISTOBAL DE LAS CASAS,0.06871247498332221,2
1145,18 a 24,MUJERES,232,SAN CRISTOBAL DE LAS CASAS,0.07738492328218813,2
1145,25 a 59,HOMBRES,921,SAN CRISTOBAL DE LAS CASAS,0.3072048032021348,9
1145,25 a 59,MUJERES,1152,SAN CRISTOBAL DE LAS CASAS,0.3842561707805203,12
1145,60 y más,HOMBRES,215,SAN CRISTOBAL DE LAS CASAS,0.07171447631754503,2
1145,60 y más,MUJERES,272,SAN CRISTOBAL DE LAS CASAS,0.09072715143428953,3
1146,18 a 24,HOMBRES,117,SAN CRISTOBAL DE LAS CASAS,0.06471238938053098,2
1146,18 a 24,MUJERES,137,SAN CRISTOBAL DE LAS CASAS,0.07577433628318585,2
1146,25 a 59,HOMBRES,553,SAN CRISTOBAL DE LAS CASAS,0.30586283185840707,9
1146,25 a 59,MUJERES,654,SAN CRISTOBAL DE LAS CASAS,0.36172566371681414,11
1146,60 y más,HOMBRES,155,SAN CRISTOBAL DE LAS CASAS,0.08573008849557522,3
1146,60 y más,MUJERES,192,SAN CRISTOBAL DE LAS CASAS,0.10619469026548672,3
1152,18 a 24,HOMBRES,174,OCOTAL HUITEPEC,0.0888661899897855,3
1152,18 a 24,MUJERES,182,OCOTAL HUITEPEC,0.09295199182839632,3
1152,25 a 59,HOMBRES,649,OCOTAL HUITEPEC,0.33146067415730335,10
1152,25 a 59,MUJERES,720,OCOTAL HUITEPEC,0.36772216547497444,11
1152,60 y más,HOMBRES,90,OCOTAL HUITEPEC,0.045965270684371805,1
1152,60 y más,MUJERES,143,OCOTAL HUITEPEC,0.07303370786516854,2
1270,18 a 24,HOMBRES,518,TAPACHULA,0.08999305072967338,3
1270,18 a 24,MUJERES,499,TAPACHULA,0.08669214732453093,3
1270,25 a 59,HOMBRES,1786,TAPACHULA,0.31028492008339126,9
1270,25 a 59,MUJERES,2008,TAPACHULA,0.3488533703961084,10
1270,60 y más,HOMBRES,434,TAPACHULA,0.0753995830437804,2
1270,60 y más,MUJERES,511,TAPACHULA,0.08877692842251564,3
1277,18 a 24,HOMBRES,99,TAPACHULA,0.07758620689655173,2
1277,18 a 24,MUJERES,77,TAPACHULA,0.0603448275862069,2
1277,25 a 59,HOMBRES,360,TAPACHULA,0.28213166144200624,8
1277,25 a 59,MUJERES,458,TAPACHULA,0.35893416927899685,11
1277,60 y más,HOMBRES,129,TAPACHULA,0.10109717868338558,3
1277,60 y más,MUJERES,153,TAPACHULA,0.11990595611285267,4
1303,18 a 24,HOMBRES,194,TAPACHULA,0.076138147566719,2
1303,18 a 24,MUJERES,235,TAPACHULA,0.09222919937205651,3
1303,25 a 59,HOMBRES,811,TAPACHULA,0.3182888540031397,10
1303,25 a 59,MUJERES,927,TAPACHULA,0.36381475667189955,11
1303,60 y más,HOMBRES,188,TAPACHULA,0.07378335949764521,2
1303,60 y más,MUJERES,193,TAPACHULA,0.07574568288854003,2
1338,18 a 24,HOMBRES,195,TAPACHULA,0.0796243364638628,2
1338,18 a 24,MUJERES,218,TAPACHULA,0.08901592486729278,3
1338,25 a 59,HOMBRES,734,TAPACHULA,0.2997141690485913,9
1338,25 a 59,MUJERES,860,TAPACHULA,0.35116374030216413,11
1338,60 y más,HOMBRES,179,TAPACHULA,0.07309105757452021,2
1338,60 y más,MUJERES,263,TAPACHULA,0.1073907717435688,3
1470,18 a 24,HOMBRES,240,LIMAR,0.09244992295839753,3
1470,18 a 24,HOMBRES,240,MASOJA CHICO,0.09244992295839753,3
1470,18 a 24,MUJERES,236,LIMAR,0.09090909090909091,3
1470,18 a 24,MUJERES,236,MASOJA CHICO,0.09090909090909091,3
1470,25 a 59,HOMBRES,818,LIMAR,0.3151001540832049,9
1470,25 a 59,HOMBRES,818,MASOJA CHICO,0.3151001540832049,9
1470,25 a 59,MUJERES,917,LIMAR,0.3532357473035439,11
1470,25 a 59,MUJERES,917,MASOJA CHICO,0.3532357473035439,11
1470,60 y más,HOMBRES,175,LIMAR,0.06741140215716487,2
1470,60 y más,HOMBRES,175,MASOJA CHICO,0.06741140215716487,2
1470,60 y más,MUJERES,210,LIMAR,0.08089368258859785,2
1470,60 y más,MUJERES,210,MASOJA CHICO,0.08089368258859785,2
1473,18 a 24,HOMBRES,187,CHULUM CARDENAS,0.0998398291510945,3
1473,18 a 24,MUJERES,168,CHULUM CARDENAS,0.08969567538707955,3
1473,25 a 59,HOMBRES,637,CHULUM CARDENAS,0.3400961025093433,10
1473,25 a 59,MUJERES,650,CHULUM CARDENAS,0.34703683929524826,10
1473,60 y más,HOMBRES,120,CHULUM CARDENAS,0.06406833956219968,2
1473,60 y más,MUJERES,111,CHULUM CARDENAS,0.059263214095034704,2
1474,18 a 24,HOMBRES,351,LA REVOLUCION,0.1099279674287504,3
1474,18 a 24,MUJERES,335,LA REVOLUCION,0.10491700595051676,3
1474,25 a 59,HOMBRES,1074,LA REVOLUCION,0.3363607892264328,10
1474,25 a 59,MUJERES,1051,LA REVOLUCION,0.329157532101472,10
1474,60 y más,HOMBRES,186,LA REVOLUCION,0.05825242718446602,2
1474,60 y más,MUJERES,196,LA REVOLUCION,0.06138427810836204,2
1477,18 a 24,HOMBRES,245,EL OCOTAL,0.09847266881028939,3
1477,18 a 24,MUJERES,261,EL OCOTAL,0.10490353697749197,3
1477,25 a 59,HOMBRES,834,EL OCOTAL,0.33520900321543406,10
1477,25 a 59,MUJERES,844,EL OCOTAL,0.3392282958199357,10
1477,60 y más,HOMBRES,153,EL OCOTAL,0.0614951768488746,2
1477,60 y más,MUJERES,151,EL OCOTAL,0.060691318327974274,2
1478,18 a 24,HOMBRES,214,JOLSIBAQUIL,0.09807516040329972,3
1478,18 a 24,MUJERES,206,JOLSIBAQUIL,0.09440879926672777,3
1478,25 a 59,HOMBRES,696,JOLSIBAQUIL,0.31897341888175984,10
1478,25 a 59,MUJERES,741,JOLSIBAQUIL,0.33959670027497707,10
1478,60 y más,HOMBRES,164,JOLSIBAQUIL,0.07516040329972502,2
1478,60 y más,MUJERES,161,JOLSIBAQUIL,0.07378551787351054,2
1480,18 a 24,HOMBRES,162,UNION JUAREZ,0.07139709122961657,2
1480,18 a 24,MUJERES,198,UNION JUAREZ,0.0872631115028647,3
1480,25 a 59,HOMBRES,715,UNION JUAREZ,0.3151167915381225,9
1480,25 a 59,MUJERES,763,UNION JUAREZ,0.3362714852357867,10
1480,60 y más,HOMBRES,207,UNION JUAREZ,0.09122961657117673,3
1480,60 y más,MUJERES,224,UNION JUAREZ,0.0987219039224328,3
1481,18 a 24,HOMBRES,181,MISIJA,0.07748287671232877,2
1481,18 a 24,MUJERES,190,MISIJA,0.08133561643835617,2
1481,25 a 59,HOMBRES,758,MISIJA,0.324486301369863,10
1481,25 a 59,MUJERES,837,MISIJA,0.3583047945205479,11
1481,60 y más,HOMBRES,168,MISIJA,0.07191780821917808,2
1481,60 y más,MUJERES,202,MISIJA,0.08647260273972603,3
1500,18 a 24,HOMBRES,91,TONALA,0.07919930374238468,2
1500,18 a 24,MUJERES,108,TONALA,0.09399477806788512,3
1500,25 a 59,HOMBRES,323,TONALA,0.28111401218450827,8
1500,25 a 59,MUJERES,379,TONALA,0.329852045256745,10
1500,60 y más,HOMBRES,104,TONALA,0.09051348999129678,3
1500,60 y más,MUJERES,144,TONALA,0.12532637075718014,4
1504,18 a 24,HOMBRES,117,NUEVO BENITO JUAREZ,0.0841726618705036,3
1504,18 a 24,MUJERES,110,NUEVO BENITO JUAREZ,0.07913669064748201,2
1504,25 a 59,HOMBRES,463,NUEVO BENITO JUAREZ,0.33309352517985613,10
1504,25 a 59,MUJERES,466,NUEVO BENITO JUAREZ,0.33525179856115106,10
1504,60 y más,HOMBRES,114,NUEVO BENITO JUAREZ,0.08201438848920864,2
1504,60 y más,MUJERES,120,NUEVO BENITO JUAREZ,0.08633093525179857,3
1510,18 a 24,HOMBRES,236,RANCHERIA HUIZACHAL,0.0889894419306184,3
1510,18 a 24,MUJERES,217,RANCHERIA HUIZACHAL,0.08182503770739065,2
1510,25 a 59,HOMBRES,846,RANCHERIA HUIZACHAL,0.3190045248868778,10
1510,25 a 59,MUJERES,890,RANCHERIA HUIZACHAL,0.33559577677224733,10
1510,60 y más,HOMBRES,244,RANCHERIA HUIZACHAL,0.09200603318250378,3
1510,60 y más,MUJERES,219,RANCHERIA HUIZACHAL,0.08257918552036199,2
1517,18 a 24,HOMBRES,239,COLONIA BELISARIO DOMINGUEZ (LA BARRA),0.09954185755935027,3
1517,18 a 24,MUJERES,228,COLONIA BELISARIO DOMINGUEZ (LA BARRA),0.09496043315285298,3
1517,25 a 59,HOMBRES,752,COLONIA BELISARIO DOMINGUEZ (LA BARRA),0.3132028321532695,9
1517,25 a 59,MUJERES,770,COLONIA BELISARIO DOMINGUEZ (LA BARRA),0.3206997084548105,10
1517,60 y más,HOMBRES,231,COLONIA BELISARIO DOMINGUEZ (LA BARRA),0.09620991253644315,3
1517,60 y más,MUJERES,181,COLONIA BELISARIO DOMINGUEZ (LA BARRA),0.07538525614327364,2
1526,18 a 24,HOMBRES,61,RANCHERIA EL MANGUITO,0.09651898734177215,3
1526,18 a 24,MUJERES,57,RANCHERIA EL MANGUITO,0.09018987341772151,3
1526,25 a 59,HOMBRES,223,RANCHERIA EL MANGUITO,0.3528481012658228,11
1526,25 a 59,MUJERES,200,RANCHERIA EL MANGUITO,0.31645569620253167,9
1526,60 y más,HOMBRES,44,RANCHERIA EL MANGUITO,0.06962025316455696,2
1526,60 y más,MUJERES,47,RANCHERIA EL MANGUITO,0.07436708860759493,2
1527,18 a 24,HOMBRES,84,EJIDO VICENTE GUERRERO,0.08292201382033564,2
1527,18 a 24,MUJERES,75,EJIDO VICENTE GUERRERO,0.07403751233958539,2
1527,25 a 59,HOMBRES,291,EJIDO VICENTE GUERRERO,0.2872655478775913,9
1527,25 a 59,MUJERES,321,EJIDO VICENTE GUERRERO,0.3168805528134255,10
1527,60 y más,HOMBRES,124,EJIDO VICENTE GUERRERO,0.12240868706811452,4
1527,60 y más,MUJERES,118,EJIDO VICENTE GUERRERO,0.11648568608094768,3
1609,18 a 24,HOMBRES,461,TUXTLA GUTIERREZ,0.08623269734380845,3
1609,18 a 24,MUJERES,439,TUXTLA GUTIERREZ,0.0821174710063599,2
1609,25 a 59,HOMBRES,1796,TUXTLA GUTIERREZ,0.33595211372989153,10
1609,25 a 59,MUJERES,1975,TUXTLA GUTIERREZ,0.36943509165731386,11
1609,60 y más,HOMBRES,309,TUXTLA GUTIERREZ,0.057800224466891134,2
1609,60 y más,MUJERES,366,TUXTLA GUTIERREZ,0.06846240179573512,2
1611,18 a 24,HOMBRES,324,TUXTLA GUTIERREZ,0.0857823669579031,3
1611,18 a 24,MUJERES,314,TUXTLA GUTIERREZ,0.08313476303944929,2
1611,25 a 59,HOMBRES,1221,TUXTLA GUTIERREZ,0.3232724384432089,10
1611,25 a 59,MUJERES,1385,TUXTLA GUTIERREZ,0.3666931427058512,11
1611,60 y más,HOMBRES,242,TUXTLA GUTIERREZ,0.06407201482658194,2
1611,60 y más,MUJERES,291,TUXTLA GUTIERREZ,0.07704527402700556,2
1615,18 a 24,HOMBRES,361,TUXTLA GUTIERREZ,0.07863210629492486,2
1615,18 a 24,MUJERES,390,TUXTLA GUTIERREZ,0.08494881289479417,3
1615,25 a 59,HOMBRES,1548,TUXTLA GUTIERREZ,0.3371814419516445,10
1615,25 a 59,MUJERES,1752,TUXTLA GUTIERREZ,0.3816162056196907,11
1615,60 y más,HOMBRES,253,TUXTLA GUTIERREZ,0.0551078196471357,2
1615,60 y más,MUJERES,287,TUXTLA GUTIERREZ,0.06251361359181007,2
1622,18 a 24,HOMBRES,635,TUXTLA GUTIERREZ,0.09602298502948738,3
1622,18 a 24,MUJERES,584,TUXTLA GUTIERREZ,0.08831090276727657,3
1622,25 a 59,HOMBRES,2174,TUXTLA GUTIERREZ,0.3287464085891426,10
1622,25 a 59,MUJERES,2497,TUXTLA GUTIERREZ,0.377589596249811,11
1622,60 y más,HOMBRES,314,TUXTLA GUTIERREZ,0.047482231967337064,1
1622,60 y más,MUJERES,409,TUXTLA GUTIERREZ,0.06184787539694541,2
1702,18 a 24,HOMBRES,112,TUXTLA GUTIERREZ,0.07491638795986622,2
1702,18 a 24,MUJERES,93,TUXTLA GUTIERREZ,0.06220735785953177,2
1702,25 a 59,HOMBRES,457,TUXTLA GUTIERREZ,0.305685618729097,9
1702,25 a 59,MUJERES,532,TUXTLA GUTIERREZ,0.3558528428093645,11
1702,60 y más,HOMBRES,132,TUXTLA GUTIERREZ,0.0882943143812709,3
1702,60 y más,MUJERES,169,TUXTLA GUTIERREZ,0.11304347826086956,3
1721,18 a 24,HOMBRES,104,TUXTLA GUTIERREZ,0.06658130601792574,2
1721,18 a 24,MUJERES,111,TUXTLA GUTIERREZ,0.07106274007682459,2
1721,25 a 59,HOMBRES,517,TUXTLA GUTIERREZ,0.33098591549295775,10
1721,25 a 59,MUJERES,549,TUXTLA GUTIERREZ,0.35147247119078107,11
1721,60 y más,HOMBRES,112,TUXTLA GUTIERREZ,0.07170294494238157,2
1721,60 y más,MUJERES,169,TUXTLA GUTIERREZ,0.10819462227912932,3
1735,18 a 24,HOMBRES,482,TUXTLA GUTIERREZ,0.07521847690387017,2
1735,18 a 24,MUJERES,503,TUXTLA GUTIERREZ,0.0784956304619226,2
1735,25 a 59,HOMBRES,2042,TUXTLA GUTIERREZ,0.3186641697877653,10
1735,25 a 59,MUJERES,2481,TUXTLA GUTIERREZ,0.38717228464419473,12
1735,60 y más,HOMBRES,395,TUXTLA GUTIERREZ,0.06164169787765293,2
1735,60 y más,MUJERES,505,TUXTLA GUTIERREZ,0.07880774032459426,2
1737,18 a 24,HOMBRES,1127,TUXTLA GUTIERREZ,0.08046551477938027,2
1737,18 a 24,MUJERES,1179,TUXTLA GUTIERREZ,0.08417820933885478,3
1737,25 a 59,HOMBRES,4831,TUXTLA GUTIERREZ,0.3449236041696416,10
1737,25 a 59,MUJERES,5420,TUXTLA GUTIERREZ,0.38697700985292016,12
1737,60 y más,HOMBRES,696,TUXTLA GUTIERREZ,0.049692988719120375,1
1737,60 y más,MUJERES,753,TUXTLA GUTIERREZ,0.053762673140082824,2
1738,18 a 24,HOMBRES,251,TUXTLA GUTIERREZ,0.0825386386057218,2
1738,18 a 24,MUJERES,259,TUXTLA GUTIERREZ,0.08516935218678066,3
1738,25 a 59,HOMBRES,986,TUXTLA GUTIERREZ,0.32423544886550476,10
1738,25 a 59,MUJERES,1134,TUXTLA GUTIERREZ,0.37290365011509374,11
1738,60 y más,HOMBRES,215,TUXTLA GUTIERREZ,0.07070042749095692,2
1738,60 y más,MUJERES,196,TUXTLA GUTIERREZ,0.06445248273594212,2
1746,18 a 24,HOMBRES,332,COPOYA,0.09196675900277008,3
1746,18 a 24,MUJERES,375,COPOYA,0.1038781163434903,3
1746,25 a 59,HOMBRES,1140,COPOYA,0.3157894736842105,9
1746,25 a 59,MUJERES,1311,COPOYA,0.3631578947368421,11
1746,60 y más,HOMBRES,236,COPOYA,0.06537396121883657,2
1746,60 y más,MUJERES,216,COPOYA,0.059833795013850416,2
1747,18 a 24,HOMBRES,440,TUXTLA GUTIERREZ,0.07668177065179504,2
1747,18 a 24,MUJERES,479,TUXTLA GUTIERREZ,0.08347856395956779,3
1747,25 a 59,HOMBRES,1820,TUXTLA GUTIERREZ,0.31718368769606137,10
1747,25 a 59,MUJERES,2128,TUXTLA GUTIERREZ,0.3708609271523179,11
1747,60 y más,HOMBRES,417,TUXTLA GUTIERREZ,0.072673405367723945,2
1747,60 y más,MUJERES,454,TUXTLA GUTIERREZ,0.07912164517253398,2
1748,18 a 24,HOMBRES,463,COLONIA UNIDAD ANTORCHISTA,0.09376265694613203,3
1748,18 a 24,MUJERES,463,COLONIA UNIDAD ANTORCHISTA,0.09376265694613203,3
1748,25 a 59,HOMBRES,1638,COLONIA UNIDAD ANTORCHISTA,0.33171324422843257,10
1748,25 a 59,MUJERES,1908,COLONIA UNIDAD ANTORCHISTA,0.3863912515188335,12
1748,60 y más,HOMBRES,220,COLONIA UNIDAD ANTORCHISTA,0.04455245038477116,1
1748,60 y más,MUJERES,246,COLONIA UNIDAD ANTORCHISTA,0.04981773997569866,1
1856,18 a 24,HOMBRES,286,VILLAFLORES,0.10123893805309735,3
1856,18 a 24,MUJERES,240,VILLAFLORES,0.08495575221238938,3
1856,25 a 59,HOMBRES,889,VILLAFLORES,0.3146902654867257,9
1856,25 a 59,MUJERES,1067,VILLAFLORES,0.3776991150442478,11
1856,60 y más,HOMBRES,163,VILLAFLORES,0.05769911504424779,2
1856,60 y más,MUJERES,180,VILLAFLORES,0.06371681415929203,2
1863,18 a 24,HOMBRES,350,VILLAFLORES,0.1037037037037037,3
1863,18 a 24,HOMBRES,350,FRACCIONAMIENTO LA SEIRENA,0.1037037037037037,3
1863,18 a 24,MUJERES,367,VILLAFLORES,0.10874074074074074,3
1863,18 a 24,MUJERES,367,FRACCIONAMIENTO LA SEIRENA,0.10874074074074074,3
1863,25 a 59,HOMBRES,1042,VILLAFLORES,0.30874074074074076,9
1863,25 a 59,HOMBRES,1042,FRACCIONAMIENTO LA SEIRENA,0.30874074074074076,9
1863,25 a 59,MUJERES,1228,VILLAFLORES,0.36385185185185187,11
1863,25 a 59,MUJERES,1228,FRACCIONAMIENTO LA SEIRENA,0.36385185185185187,11
1863,60 y más,HOMBRES,199,VILLAFLORES,0.05896296296296296,2
1863,60 y más,HOMBRES,199,FRACCIONAMIENTO LA SEIRENA,0.05896296296296296,2
1863,60 y más,MUJERES,189,VILLAFLORES,0.056,2
1863,60 y más,MUJERES,189,FRACCIONAMIENTO LA SEIRENA,0.056,2
1864,18 a 24,HOMBRES,88,VILLAFLORES,0.07339449541284404,2
1864,18 a 24,MUJERES,97,VILLAFLORES,0.08090075062552127,2
1864,25 a 59,HOMBRES,358,VILLAFLORES,0.29858215179316094,9
1864,25 a 59,MUJERES,431,VILLAFLORES,0.359466221851543,11
1864,60 y más,HOMBRES,102,VILLAFLORES,0.08507089241034195,3
1864,60 y más,MUJERES,123,VILLAFLORES,0.10258548790658882,3
1870,18 a 24,HOMBRES,120,VILLAFLORES,0.08157715839564922,2
1870,18 a 24,MUJERES,129,VILLAFLORES,0.08769544527532291,3
1870,25 a 59,HOMBRES,494,VILLAFLORES,0.335825968728756,10
1870,25 a 59,MUJERES,529,VILLAFLORES,0.35961930659415364,11
1870,60 y más,HOMBRES,80,VILLAFLORES,0.054384772263766146,2
1870,60 y más,MUJERES,119,VILLAFLORES,0.08089734874235215,2
1883,18 a 24,HOMBRES,202,DOCTOR DOMINGO CHANONA,0.09532798489853704,3
1883,18 a 24,MUJERES,176,DOCTOR DOMINGO CHANONA,0.0830580462482303,2
1883,25 a 59,HOMBRES,685,DOCTOR DOMINGO CHANONA,0.32326569136385086,10
1883,25 a 59,MUJERES,718,DOCTOR DOMINGO CHANONA,0.33883907503539407,10
1883,60 y más,HOMBRES,184,DOCTOR DOMINGO CHANONA,0.08683341198678622,3
1883,60 y más,MUJERES,154,DOCTOR DOMINGO CHANONA,0.0726757904672015,2
1895,18 a 24,HOMBRES,193,EJIDO LOS ANGELES,0.08800729594163247,3
1895,18 a 24,HOMBRES,193,EJIDO CALIFORNIA,0.08800729594163247,3
1895,18 a 24,MUJERES,196,EJIDO LOS ANGELES,0.08937528499772002,3
1895,18 a 24,MUJERES,196,EJIDO CALIFORNIA,0.08937528499772002,3
1895,25 a 59,HOMBRES,765,EJIDO LOS ANGELES,0.3488372093023256,10
1895,25 a 59,HOMBRES,765,EJIDO CALIFORNIA,0.3488372093023256,10
1895,25 a 59,MUJERES,757,EJIDO LOS ANGELES,0.3451892384860921,10
1895,25 a 59,MUJERES,757,EJIDO CALIFORNIA,0.3451892384860921,10
1895,60 y más,HOMBRES,147,EJIDO LOS ANGELES,0.06703146374829001,2
1895,60 y más,HOMBRES,147,EJIDO CALIFORNIA,0.06703146374829001,2
1895,60 y más,MUJERES,135,EJIDO LOS ANGELES,0.06155950752393981,2
1895,60 y más,MUJERES,135,EJIDO CALIFORNIA,0.06155950752393981,2
1994,18 a 24,HOMBRES,73,TAPACHULA,0.08286038592508513,2
1994,18 a 24,MUJERES,81,TAPACHULA,0.09194097616345062,3
1994,25 a 59,HOMBRES,282,TAPACHULA,0.32009080590238365,10
1994,25 a 59,MUJERES,323,TAPACHULA,0.36662883087400683,11
1994,60 y más,HOMBRES,52,TAPACHULA,0.05902383654937571,2
1994,60 y más,MUJERES,70,TAPACHULA,0.07945516458569807,2
2008,18 a 24,HOMBRES,89,TAPACHULA,0.09600862998921252,3
2008,18 a 24,MUJERES,92,TAPACHULA,0.09924487594390508,3
2008,25 a 59,HOMBRES,300,TAPACHULA,0.32362459546925565,10
2008,25 a 59,MUJERES,370,TAPACHULA,0.39913700107874867,12
2008,60 y más,HOMBRES,36,TAPACHULA,0.038834951456310676,1
2008,60 y más,MUJERES,40,TAPACHULA,0.043149946062567425,1
203,18 a 24,HOMBRES,170,CINTALAPA,0.09444444444444444,3
203,18 a 24,MUJERES,155,CINTALAPA,0.08611111111111111,3
203,25 a 59,HOMBRES,539,CINTALAPA,0.29944444444444446,9
203,25 a 59,MUJERES,639,CINTALAPA,0.355,10
203,60 y más,HOMBRES,137,CINTALAPA,0.07611111111111112,2
203,60 y más,MUJERES,160,CINTALAPA,0.08888888888888889,3
207,18 a 24,HOMBRES,228,CINTALAPA,0.08888888888888889,3
207,18 a 24,MUJERES,202,CINTALAPA,0.07875243664717349,2
207,25 a 59,HOMBRES,744,CINTALAPA,0.29005847953216374,8
207,25 a 59,MUJERES,931,CINTALAPA,0.362962962962963,11
207,60 y más,HOMBRES,217,CINTALAPA,0.08460038986354776,3
207,60 y más,MUJERES,243,CINTALAPA,0.09473684210526316,3
223,18 a 24,HOMBRES,176,MERIDA,0.07978241160471441,3
223,18 a 24,MUJERES,174,MERIDA,0.07887579329102448,2
223,25 a 59,HOMBRES,676,MERIDA,0.30643699002719854,9
223,25 a 59,MUJERES,749,MERIDA,0.33952855847688124,10
223,60 y más,HOMBRES,216,MERIDA,0.09791477787851315,3
223,60 y más,MUJERES,215,MERIDA,0.09746146872166818,3
229,18 a 24,HOMBRES,64,EJIDO ADOLFO LOPEZ MATEOS (LA INTEGRAL),0.065439672801636,3
229,18 a 24,MUJERES,79,EJIDO ADOLFO LOPEZ MATEOS (LA INTEGRAL),0.08077709611451943,2
229,25 a 59,HOMBRES,318,EJIDO ADOLFO LOPEZ MATEOS (LA INTEGRAL),0.32515337423312884,10
229,25 a 59,MUJERES,341,EJIDO ADOLFO LOPEZ MATEOS (LA INTEGRAL),0.3486707566462168,10
229,60 y más,HOMBRES,101,EJIDO ADOLFO LOPEZ MATEOS (LA INTEGRAL),0.1032719836400818,3
229,60 y más,MUJERES,75,EJIDO ADOLFO LOPEZ MATEOS (LA INTEGRAL),0.07668711656441718,2
229,18 a 24,HOMBRES,64,EJIDO LA ASUNCION,0.065439672801636,2
229,18 a 24,MUJERES,79,EJIDO LA ASUNCION,0.08077709611451943,2
229,25 a 59,HOMBRES,318,EJIDO LA ASUNCION,0.32515337423312884,11
229,25 a 59,MUJERES,341,EJIDO LA ASUNCION,0.3486707566462168,10
229,60 y más,HOMBRES,101,EJIDO LA ASUNCION,0.1032719836400818,3
229,60 y más,MUJERES,75,EJIDO LA ASUNCION,0.07668711656441718,2
232,18 a 24,HOMBRES,157,NUEVA TENOCHTITLAN,0.08845070422535212,2
232,18 a 24,MUJERES,150,NUEVA TENOCHTITLAN,0.08450704225352113,3
232,25 a 59,HOMBRES,565,NUEVA TENOCHTITLAN,0.3183098591549296,10
232,25 a 59,MUJERES,606,NUEVA TENOCHTITLAN,0.3414084507042254,10
232,60 y más,HOMBRES,155,NUEVA TENOCHTITLAN,0.08732394366197183,3
232,60 y más,MUJERES,142,NUEVA TENOCHTITLAN,0.08,2
246,18 a 24,HOMBRES,51,COMITAN DE DOMINGUEZ,0.05225409836065574,2
246,18 a 24,MUJERES,58,COMITAN DE DOMINGUEZ,0.05942622950819672,2
246,25 a 59,HOMBRES,292,COMITAN DE DOMINGUEZ,0.29918032786885246,9
246,25 a 59,MUJERES,322,COMITAN DE DOMINGUEZ,0.32991803278688525,10
246,60 y más,HOMBRES,106,COMITAN DE DOMINGUEZ,0.10860655737704918,2
246,60 y más,MUJERES,147,COMITAN DE DOMINGUEZ,0.15061475409836064,5
251,18 a 24,HOMBRES,63,COMITAN DE DOMINGUEZ,0.05575221238938053,2
251,18 a 24,MUJERES,70,COMITAN DE DOMINGUEZ,0.061946902654867256,1
251,25 a 59,HOMBRES,327,COMITAN DE DOMINGUEZ,0.28938053097345134,9
251,25 a 59,MUJERES,378,COMITAN DE DOMINGUEZ,0.3345132743362832,10
251,60 y más,HOMBRES,120,COMITAN DE DOMINGUEZ,0.10619469026548672,3
251,60 y más,MUJERES,172,COMITAN DE DOMINGUEZ,0.15221238938053097,5
260,18 a 24,HOMBRES,713,PASHTON ACAPULCO,0.08865953742850037,3
260,18 a 24,MUJERES,685,PASHTON ACAPULCO,0.08517781646356627,3
260,25 a 59,HOMBRES,2573,PASHTON ACAPULCO,0.3199452872419796,10
260,25 a 59,MUJERES,3126,PASHTON ACAPULCO,0.38870927629942803,10
260,60 y más,HOMBRES,440,PASHTON ACAPULCO,0.05471275802039294,2
260,60 y más,MUJERES,505,PASHTON ACAPULCO,0.0627953245461328,2
282,18 a 24,HOMBRES,108,SEÑOR DEL POZO,0.0712401055408971,2
282,18 a 24,MUJERES,115,SEÑOR DEL POZO,0.0758575197889182,3
282,25 a 59,HOMBRES,517,SEÑOR DEL POZO,0.34102902374670185,10
282,25 a 59,MUJERES,526,SEÑOR DEL POZO,0.3469656992084433,10
282,60 y más,HOMBRES,117,SEÑOR DEL POZO,0.07717678100263853,2
282,60 y más,MUJERES,133,SEÑOR DEL POZO,0.08773087071240106,3
456,18 a 24,HOMBRES,247,CHILON,0.0929619872036131,3
456,18 a 24,MUJERES,235,CHILON,0.08844561535566428,3
456,25 a 59,HOMBRES,807,CHILON,0.3037260067745578,8
456,25 a 59,MUJERES,1021,CHILON,0.38426797139631164,12
456,60 y más,HOMBRES,162,CHILON,0.060971019947308996,2
456,60 y más,MUJERES,185,CHILON,0.06962739932254422,2
464,18 a 24,HOMBRES,322,ALAN SACJUN,0.1165821868211441,3
464,18 a 24,MUJERES,312,ALAN SACJUN,0.11296162201303403,3
464,25 a 59,HOMBRES,848,ALAN SACJUN,0.30702389572773353,9
464,25 a 59,MUJERES,1004,ALAN SACJUN,0.36350470673425056,12
464,60 y más,HOMBRES,144,ALAN SACJUN,0.05213613323678494,2
464,60 y más,MUJERES,132,ALAN SACJUN,0.04779145546705286,1
484,18 a 24,HOMBRES,215,BACHAJON,0.09803921568627451,3
484,18 a 24,MUJERES,262,BACHAJON,0.11947104423164615,4
484,25 a 59,HOMBRES,632,BACHAJON,0.28818969448244414,9
484,25 a 59,MUJERES,868,BACHAJON,0.3958048335613315,12
484,60 y más,HOMBRES,111,BACHAJON,0.0506155950752394,2
484,60 y más,MUJERES,105,BACHAJON,0.047879616963064295,0
504,18 a 24,HOMBRES,310,FRONTERA COMALAPA,0.08469945355191257,3
504,18 a 24,MUJERES,317,FRONTERA COMALAPA,0.0866120218579235,3
504,25 a 59,HOMBRES,1167,FRONTERA COMALAPA,0.3188524590163934,10
504,25 a 59,MUJERES,1345,FRONTERA COMALAPA,0.3674863387978142,11
504,60 y más,HOMBRES,264,FRONTERA COMALAPA,0.07213114754098361,2
504,60 y más,MUJERES,257,FRONTERA COMALAPA,0.07021857923497268,1
505,18 a 24,HOMBRES,465,FRONTERA COMALAPA,0.0892343120322395,3
505,18 a 24,MUJERES,520,FRONTERA COMALAPA,0.09978890807906352,3
505,25 a 59,HOMBRES,1665,FRONTERA COMALAPA,0.31951640759930916,10
505,25 a 59,MUJERES,1875,FRONTERA COMALAPA,0.35981577432354633,11
505,60 y más,HOMBRES,314,FRONTERA COMALAPA,0.060257148340049894,1
505,60 y más,MUJERES,372,FRONTERA COMALAPA,0.07138744962579159,2
506,18 a 24,HOMBRES,322,FRONTERA COMALAPA,0.08559276980329612,3
506,18 a 24,MUJERES,375,FRONTERA COMALAPA,0.09968102073365231,3
506,25 a 59,HOMBRES,1229,FRONTERA COMALAPA,0.32668793195108986,9
506,25 a 59,MUJERES,1331,FRONTERA COMALAPA,0.3538011695906433,11
506,60 y más,HOMBRES,221,FRONTERA COMALAPA,0.05874534821903243,2
506,60 y más,MUJERES,284,FRONTERA COMALAPA,0.07549175970228601,2
514,18 a 24,HOMBRES,150,EJIDO JOAQUIN MIGUEL GUTIERREZ,0.08060182697474476,3
514,18 a 24,MUJERES,155,EJIDO JOAQUIN MIGUEL GUTIERREZ,0.08328855454056959,2
514,25 a 59,HOMBRES,588,EJIDO JOAQUIN MIGUEL GUTIERREZ,0.3159591617409995,9
514,25 a 59,MUJERES,637,EJIDO JOAQUIN MIGUEL GUTIERREZ,0.34228909188608275,10
514,60 y más,HOMBRES,166,EJIDO JOAQUIN MIGUEL GUTIERREZ,0.0891993551853842,3
514,60 y más,MUJERES,165,EJIDO JOAQUIN MIGUEL GUTIERREZ,0.08866200967221924,3
721,18 a 24,HOMBRES,287,LAS MARGARITAS,0.08461084905660378,3
721,18 a 24,MUJERES,290,LAS MARGARITAS,0.08549528301886793,2
721,25 a 59,HOMBRES,1006,LAS MARGARITAS,0.2965801886792453,9
721,25 a 59,MUJERES,1258,LAS MARGARITAS,0.37087264150943394,11
721,60 y más,HOMBRES,248,LAS MARGARITAS,0.07311320754716981,2
721,60 y más,MUJERES,303,LAS MARGARITAS,0.08932783018867925,3
755,18 a 24,HOMBRES,136,LA FORTUNA GALLO GIRO,0.08369230769230769,3
755,18 a 24,MUJERES,132,LA FORTUNA GALLO GIRO,0.08123076923076923,1
755,25 a 59,HOMBRES,574,LA FORTUNA GALLO GIRO,0.35323076923076924,11
755,25 a 59,MUJERES,580,LA FORTUNA GALLO GIRO,0.3569230769230769,11
755,60 y más,HOMBRES,106,LA FORTUNA GALLO GIRO,0.06523076923076923,2
755,60 y más,MUJERES,97,LA FORTUNA GALLO GIRO,0.05969230769230769,2
816,18 a 24,HOMBRES,967,OCOSINGO,0.10135205953254375,3
816,18 a 24,MUJERES,1003,OCOSINGO,0.10512524892568913,3
816,25 a 59,HOMBRES,2988,OCOSINGO,0.3131747196310659,9
816,25 a 59,MUJERES,3725,OCOSINGO,0.3904202913740698,13
816,60 y más,HOMBRES,431,OCOSINGO,0.04517346190126821,1
816,60 y más,MUJERES,427,OCOSINGO,0.04475421863536317,1
820,18 a 24,HOMBRES,875,OCOSINGO,0.09809417040358745,3
820,18 a 24,MUJERES,908,OCOSINGO,0.10179372197309416,3
820,25 a 59,HOMBRES,2816,OCOSINGO,0.31569506726457397,9
820,25 a 59,MUJERES,3481,OCOSINGO,0.39024663677130045,12
820,60 y más,HOMBRES,396,OCOSINGO,0.04439461883408072,2
820,60 y más,MUJERES,444,OCOSINGO,0.04977578475336323,1
828,18 a 24,HOMBRES,232,EL LIMONAR,0.11860940695296524,3
828,18 a 24,MUJERES,196,EL LIMONAR,0.10020449897750511,3
828,25 a 59,HOMBRES,639,EL LIMONAR,0.3266871165644172,10
828,25 a 59,MUJERES,686,EL LIMONAR,0.3507157464212679,11
828,60 y más,HOMBRES,102,EL LIMONAR,0.05214723926380368,2
828,60 y más,MUJERES,101,EL LIMONAR,0.0516359918200409,1
828,18 a 24,HOMBRES,232,NUEVO TUMBALA,0.11860940695296524,4
828,18 a 24,MUJERES,196,NUEVO TUMBALA,0.10020449897750511,3
828,25 a 59,HOMBRES,639,NUEVO TUMBALA,0.3266871165644172,10
828,25 a 59,MUJERES,686,NUEVO TUMBALA,0.3507157464212679,10
828,60 y más,HOMBRES,102,NUEVO TUMBALA,0.05214723926380368,2
828,60 y más,MUJERES,101,NUEVO TUMBALA,0.0516359918200409,1
829,18 a 24,HOMBRES,211,LACANDON,0.10237748665696264,3
829,18 a 24,MUJERES,217,LACANDON,0.10528869480834546,3
829,25 a 59,HOMBRES,691,LACANDON,0.33527413876758855,10
829,25 a 59,MUJERES,723,LACANDON,0.3508005822416303,10
829,60 y más,HOMBRES,106,LACANDON,0.051431344007763224,2
829,60 y más,MUJERES,113,LACANDON,0.05482775351770985,2
842,18 a 24,HOMBRES,698,NUEVO PARAISO,0.103269714454801,3
842,18 a 24,MUJERES,758,NUEVO PARAISO,0.11214676727326528,3
842,25 a 59,HOMBRES,2096,NUEVO PARAISO,0.3101050451250185,10
842,25 a 59,MUJERES,2489,NUEVO PARAISO,0.3682497410859595,11
842,60 y más,HOMBRES,388,NUEVO PARAISO,0.057404941559402275,2
842,60 y más,MUJERES,330,NUEVO PARAISO,0.048823790501553485,1
858,18 a 24,HOMBRES,251,PLACIDO FLORES,0.10384774513860157,3
858,18 a 24,MUJERES,225,PLACIDO FLORES,0.09309060819197353,3
858,25 a 59,HOMBRES,822,PLACIDO FLORES,0.34009102192800994,9
858,25 a 59,MUJERES,850,PLACIDO FLORES,0.3516756309474555,11
858,60 y más,HOMBRES,139,PLACIDO FLORES,0.0575093090608192,2
858,60 y más,MUJERES,130,PLACIDO FLORES,0.05378568473314026,2
887,18 a 24,HOMBRES,447,OCOZOCOAUTLA DE ESPINOSA,0.0964193270060397,3
887,18 a 24,MUJERES,470,OCOZOCOAUTLA DE ESPINOSA,0.10138050043140638,3
887,25 a 59,HOMBRES,1509,OCOZOCOAUTLA DE ESPINOSA,0.3254961173425367,9
887,25 a 59,MUJERES,1699,OCOZOCOAUTLA DE ESPINOSA,0.36647972389991373,11
887,60 y más,HOMBRES,239,OCOZOCOAUTLA DE ESPINOSA,0.05155306298533218,2
887,60 y más,MUJERES,272,OCOZOCOAUTLA DE ESPINOSA,0.058671268334771355,2
890,18 a 24,HOMBRES,197,FRACCIONAMIENTO CIUDAD BONAMPAK,0.07450832072617247,3
890,18 a 24,MUJERES,220,FRACCIONAMIENTO CIUDAD BONAMPAK,0.0832072617246596,2
890,25 a 59,HOMBRES,913,FRACCIONAMIENTO CIUDAD BONAMPAK,0.34531013615733736,10
890,25 a 59,MUJERES,957,FRACCIONAMIENTO CIUDAD BONAMPAK,0.3619515885022693,11
890,60 y más,HOMBRES,168,FRACCIONAMIENTO CIUDAD BONAMPAK,0.06354009077155824,2
890,60 y más,MUJERES,189,FRACCIONAMIENTO CIUDAD BONAMPAK,0.07148260211800303,2
890,18 a 24,HOMBRES,197,OCOZOCOAUTLA DE ESPINOSA,0.07450832072617247,2
890,18 a 24,MUJERES,220,OCOZOCOAUTLA DE ESPINOSA,0.0832072617246596,2
890,25 a 59,HOMBRES,913,OCOZOCOAUTLA DE ESPINOSA,0.34531013615733736,10
890,25 a 59,MUJERES,957,OCOZOCOAUTLA DE ESPINOSA,0.3619515885022693,11
890,60 y más,HOMBRES,168,OCOZOCOAUTLA DE ESPINOSA,0.06354009077155824,2
890,60 y más,MUJERES,189,OCOZOCOAUTLA DE ESPINOSA,0.07148260211800303,3
899,18 a 24,HOMBRES,189,NUEVO MEZCALAPA,0.11962025316455696,4
899,18 a 24,MUJERES,183,NUEVO MEZCALAPA,0.11582278481012659,3
899,25 a 59,HOMBRES,509,NUEVO MEZCALAPA,0.3221518987341772,9
899,25 a 59,MUJERES,513,NUEVO MEZCALAPA,0.3246835443037975,10
899,60 y más,HOMBRES,97,NUEVO MEZCALAPA,0.06139240506329114,2
899,60 y más,MUJERES,89,NUEVO MEZCALAPA,0.056329113924050635,2
944,18 a 24,HOMBRES,222,BENITO JUAREZ,0.07161290322580645,2
944,18 a 24,MUJERES,260,BENITO JUAREZ,0.08387096774193549,3
944,25 a 59,HOMBRES,998,BENITO JUAREZ,0.32193548387096776,10
944,25 a 59,MUJERES,1123,BENITO JUAREZ,0.362258064516129,10
944,60 y más,HOMBRES,264,BENITO JUAREZ,0.08516129032258064,3
944,60 y más,MUJERES,233,BENITO JUAREZ,0.07516129032258065,2
945,18 a 24,HOMBRES,545,PALENQUE,0.09002312520647505,3
945,18 a 24,MUJERES,577,PALENQUE,0.09530888668648828,3
945,25 a 59,HOMBRES,1955,PALENQUE,0.3229269904195573,9
945,25 a 59,MUJERES,2306,PALENQUE,0.38090518665345224,11
945,60 y más,HOMBRES,332,PALENQUE,0.0548397753551371,2
945,60 y más,MUJERES,339,PALENQUE,0.05599603567888999,2
962,18 a 24,HOMBRES,187,SAMUEL LEON BRINDIS,0.08216168717047452,2
962,18 a 24,MUJERES,188,SAMUEL LEON BRINDIS,0.08260105448154657,3
962,25 a 59,HOMBRES,736,SAMUEL LEON BRINDIS,0.3233743409490334,10
962,25 a 59,MUJERES,815,SAMUEL LEON BRINDIS,0.35808435852372583,11
962,60 y más,HOMBRES,186,SAMUEL LEON BRINDIS,0.08172231985940245,2
962,60 y más,MUJERES,164,SAMUEL LEON BRINDIS,0.07205623901581722,2
967,18 a 24,HOMBRES,113,EJIDO SAN JOSE USUMACINTA,0.11402623612512613,3
967,18 a 24,MUJERES,107,EJIDO SAN JOSE USUMACINTA,0.10797174571140263,3
967,25 a 59,HOMBRES,309,EJIDO SAN JOSE USUMACINTA,0.31180625630676084,10
967,25 a 59,MUJERES,321,EJIDO SAN JOSE USUMACINTA,0.3239152371342079,10
967,60 y más,HOMBRES,80,EJIDO SAN JOSE USUMACINTA,0.08072653884964683,2
967,60 y más,MUJERES,61,EJIDO SAN JOSE USUMACINTA,0.0615539858728557,2
1018,18 a 24,HOMBRES,120,EJIDO SANTA VIRGINIA,0.07046388725778038,2
1018,18 a 24,MUJERES,117,EJIDO SANTA VIRGINIA,0.06870229007633588,2
1018,25 a 59,HOMBRES,516,EJIDO SANTA VIRGINIA,0.30299471520845567,9
1018,25 a 59,MUJERES,582,EJIDO SANTA VIRGINIA,0.3417498532002349,10
1018,60 y más,HOMBRES,192,EJIDO SANTA VIRGINIA,0.11274221961244862,4
1018,60 y más,MUJERES,176,EJIDO SANTA VIRGINIA,0.10334703464474457,3
1024,18 a 24,HOMBRES,94,EJIDO PLAN DE AYALA,0.07197549770290965,2
1024,18 a 24,MUJERES,128,EJIDO PLAN DE AYALA,0.09800918836140889,3
1024,25 a 59,HOMBRES,428,EJIDO PLAN DE AYALA,0.327718223583461,10
1024,25 a 59,MUJERES,453,EJIDO PLAN DE AYALA,0.34686064318529863,11
1024,60 y más,HOMBRES,102,EJIDO PLAN DE AYALA,0.0781010719754977,2
1024,60 y más,MUJERES,101,EJIDO PLAN DE AYALA,0.0773353751914242,2
1029,18 a 24,HOMBRES,63,EJIDO TUTUAN,0.059602649006622516,2
1029,18 a 24,MUJERES,71,EJIDO TUTUAN,0.06717123935666983,2
1029,25 a 59,HOMBRES,307,EJIDO TUTUAN,0.2904446546830653,9
1029,25 a 59,MUJERES,348,EJIDO TUTUAN,0.32923368022705773,10
1029,60 y más,HOMBRES,160,EJIDO TUTUAN,0.15137180700094607,4
1029,60 y más,MUJERES,108,EJIDO TUTUAN,0.1021759697256386,3
1054,18 a 24,HOMBRES,53,REFORMA,0.05961754780652419,2
1054,18 a 24,MUJERES,55,REFORMA,0.06186726659167604,2
1054,25 a 59,HOMBRES,319,REFORMA,0.35883014623172105,11
1054,25 a 59,MUJERES,313,REFORMA,0.35208098987626546,11
1054,60 y más,HOMBRES,79,REFORMA,0.08886389201349831,2
1054,60 y más,MUJERES,70,REFORMA,0.07874015748031496,2
1055,18 a 24,HOMBRES,67,REFORMA,0.06646825396825397,2
1055,18 a 24,MUJERES,75,REFORMA,0.0744047619047619,2
1055,25 a 59,HOMBRES,317,REFORMA,0.314484126984127,9
1055,25 a 59,MUJERES,349,REFORMA,0.3462301587301587,11
1055,60 y más,HOMBRES,90,REFORMA,0.08928571428571429,3
1055,60 y más,MUJERES,110,REFORMA,0.10912698412698413,3
1064,18 a 24,HOMBRES,182,EJIDO DR RAFAEL PASCASIO GAMBOA,0.09670563230605739,3
1064,18 a 24,MUJERES,160,EJIDO DR RAFAEL PASCASIO GAMBOA,0.08501594048884166,3
1064,25 a 59,HOMBRES,606,EJIDO DR RAFAEL PASCASIO GAMBOA,0.32199787460148777,10
1064,25 a 59,MUJERES,647,EJIDO DR RAFAEL PASCASIO GAMBOA,0.34378320935175344,10
1064,60 y más,HOMBRES,160,EJIDO DR RAFAEL PASCASIO GAMBOA,0.08501594048884166,3
1064,60 y más,MUJERES,127,EJIDO DR RAFAEL PASCASIO GAMBOA,0.06748140276301806,1
1100,18 a 24,HOMBRES,278,EMILIANO ZAPATA,0.09117743522466383,3
1100,18 a 24,MUJERES,277,EMILIANO ZAPATA,0.0908494588389636,3
1100,25 a 59,HOMBRES,1005,EMILIANO ZAPATA,0.32961626762873075,10
1100,25 a 59,MUJERES,1093,EMILIANO ZAPATA,0.35847818957035094,11
1100,60 y más,HOMBRES,207,EMILIANO ZAPATA,0.06789111183994752,2
1100,60 y más,MUJERES,189,EMILIANO ZAPATA,0.06198753689734339,1
1100,18 a 24,HOMBRES,278,RANCHERIA NUEVO BERLIN,0.09117743522466383,3
1100,18 a 24,MUJERES,277,RANCHERIA NUEVO BERLIN,0.0908494588389636,3
1100,25 a 59,HOMBRES,1005,RANCHERIA NUEVO BERLIN,0.32961626762873075,10
1100,25 a 59,MUJERES,1093,RANCHERIA NUEVO BERLIN,0.35847818957035094,10
1100,60 y más,HOMBRES,207,RANCHERIA NUEVO BERLIN,0.06789111183994752,2
1100,60 y más,MUJERES,189,RANCHERIA NUEVO BERLIN,0.06198753689734339,2
1104,18 a 24,HOMBRES,113,EJIDO EL BASCAN,0.06907090464547677,2
1104,18 a 24,MUJERES,122,EJIDO EL BASCAN,0.0745721271393643,2
1104,25 a 59,HOMBRES,518,EJIDO EL BASCAN,0.31662591687041564,9
1104,25 a 59,MUJERES,628,EJIDO EL BASCAN,0.38386308068459657,13
1104,60 y más,HOMBRES,133,EJIDO EL BASCAN,0.0812958435207824,2
1104,60 y más,MUJERES,122,EJIDO EL BASCAN,0.0745721271393643,2
1109,18 a 24,HOMBRES,168,PUNTA BRAVA,0.10268948655256724,3
1109,18 a 24,MUJERES,161,PUNTA BRAVA,0.09841075794621026,3
1109,25 a 59,HOMBRES,539,PUNTA BRAVA,0.32946210268948656,10
1109,25 a 59,MUJERES,577,PUNTA BRAVA,0.3526894865525672,10
1109,60 y más,HOMBRES,87,PUNTA BRAVA,0.053178484107579464,2
1109,60 y más,MUJERES,104,PUNTA BRAVA,0.06356968215158924,2
1119,18 a 24,HOMBRES,266,SAN CRISTOBAL DE LAS CASAS,0.10125618576322802,3
1119,18 a 24,MUJERES,269,SAN CRISTOBAL DE LAS CASAS,0.10239817282070804,2
1119,25 a 59,HOMBRES,836,SAN CRISTOBAL DE LAS CASAS,0.3182337266844309,10
1119,25 a 59,MUJERES,1025,SAN CRISTOBAL DE LAS CASAS,0.3901789113056719,12
1119,60 y más,HOMBRES,99,SAN CRISTOBAL DE LAS CASAS,0.037685572896840505,1
1119,60 y más,MUJERES,132,SAN CRISTOBAL DE LAS CASAS,0.05024743052912067,2
1156,18 a 24,HOMBRES,156,AGUA DE PAJARITO,0.10848400556328233,3
1156,18 a 24,MUJERES,148,AGUA DE PAJARITO,0.10292072322670376,3
1156,25 a 59,HOMBRES,433,AGUA DE PAJARITO,0.3011126564673157,10
1156,25 a 59,MUJERES,538,AGUA DE PAJARITO,0.3741307371349096,11
1156,60 y más,HOMBRES,63,AGUA DE PAJARITO,0.04381084840055633,1
1156,60 y más,MUJERES,100,AGUA DE PAJARITO,0.06954102920723226,2
1160,18 a 24,HOMBRES,164,MITZITON,0.09652736904061213,3
1160,18 a 24,MUJERES,156,MITZITON,0.09181871689228958,3
1160,25 a 59,HOMBRES,572,MITZITON,0.3366686286050618,10
1160,25 a 59,MUJERES,611,MITZITON,0.3596233078281342,11
1160,60 y más,HOMBRES,92,MITZITON,0.05414949970570924,2
1160,60 y más,MUJERES,104,MITZITON,0.06121247792819305,1
1333,18 a 24,HOMBRES,130,TAPACHULA,0.0767867690490254,2
1333,18 a 24,MUJERES,124,TAPACHULA,0.07324276432368576,2
1333,25 a 59,HOMBRES,510,TAPACHULA,0.3012404016538689,9
1333,25 a 59,MUJERES,562,TAPACHULA,0.33195510927347904,11
1333,60 y más,HOMBRES,135,TAPACHULA,0.07974010632014177,2
1333,60 y más,MUJERES,232,TAPACHULA,0.13703484937979918,4
1484,18 a 24,HOMBRES,259,PETALCINGO,0.08455762324518445,3
1484,18 a 24,MUJERES,260,PETALCINGO,0.08488410055501143,3
1484,25 a 59,HOMBRES,954,PETALCINGO,0.31145935357492655,9
1484,25 a 59,MUJERES,1059,PETALCINGO,0.34573947110675807,9
1484,60 y más,HOMBRES,264,PETALCINGO,0.08619000979431929,3
1484,60 y más,MUJERES,267,PETALCINGO,0.0871694417238002,3
1499,18 a 24,HOMBRES,450,TONALA,0.09727626459143969,2
1499,18 a 24,MUJERES,411,TONALA,0.08884565499351492,3
1499,25 a 59,HOMBRES,1477,TONALA,0.319282317336792,10
1499,25 a 59,MUJERES,1695,TONALA,0.3664072632944228,11
1499,60 y más,HOMBRES,266,TONALA,0.057501080847384346,2
1499,60 y más,MUJERES,327,TONALA,0.07068741893644617,2
1520,18 a 24,HOMBRES,116,TRES PICOS,0.0676779463243874,3
1520,18 a 24,MUJERES,111,TRES PICOS,0.0647607934655776,2
1520,25 a 59,HOMBRES,520,TRES PICOS,0.3033838973162194,9
1520,25 a 59,MUJERES,581,TRES PICOS,0.33897316219369894,10
1520,60 y más,HOMBRES,195,TRES PICOS,0.11376896149358226,3
1520,60 y más,MUJERES,191,TRES PICOS,0.11143523920653442,3
1523,18 a 24,HOMBRES,95,EJIDO RUBEN MARQUEZ,0.0741608118657299,3
1523,18 a 24,MUJERES,92,EJIDO RUBEN MARQUEZ,0.07181889149102264,2
1523,25 a 59,HOMBRES,398,EJIDO RUBEN MARQUEZ,0.31069476971116317,9
1523,25 a 59,MUJERES,415,EJIDO RUBEN MARQUEZ,0.3239656518345043,10
1523,60 y más,HOMBRES,147,EJIDO RUBEN MARQUEZ,0.11475409836065574,3
1523,60 y más,MUJERES,134,EJIDO RUBEN MARQUEZ,0.10460577673692428,3
1602,18 a 24,HOMBRES,916,TUXTLA GUTIERREZ,0.08948808128175069,2
1602,18 a 24,MUJERES,946,TUXTLA GUTIERREZ,0.0924189136381399,3
1602,25 a 59,HOMBRES,3331,TUXTLA GUTIERREZ,0.32542008597108246,10
1602,25 a 59,MUJERES,3922,TUXTLA GUTIERREZ,0.38315748339195,11
1602,60 y más,HOMBRES,532,TUXTLA GUTIERREZ,0.05197342711996874,2
1602,60 y más,MUJERES,589,TUXTLA GUTIERREZ,0.05754200859710824,2
1638,18 a 24,HOMBRES,804,TUXTLA GUTIERREZ,0.08998321208729715,3
1638,18 a 24,MUJERES,813,TUXTLA GUTIERREZ,0.09099048684946838,3
1638,25 a 59,HOMBRES,2911,TUXTLA GUTIERREZ,0.32579742585338556,10
1638,25 a 59,MUJERES,3356,TUXTLA GUTIERREZ,0.37560156687185225,10
1638,60 y más,HOMBRES,514,TUXTLA GUTIERREZ,0.05752658086177952,2
1638,60 y más,MUJERES,537,TUXTLA GUTIERREZ,0.06010072747621712,2
1699,18 a 24,HOMBRES,72,TUXTLA GUTIERREZ,0.05357142857142857,2
1699,18 a 24,MUJERES,94,TUXTLA GUTIERREZ,0.06994047619047619,2
1699,25 a 59,HOMBRES,391,TUXTLA GUTIERREZ,0.29092261904761907,9
1699,25 a 59,MUJERES,431,TUXTLA GUTIERREZ,0.32068452380952384,10
1699,60 y más,HOMBRES,139,TUXTLA GUTIERREZ,0.10342261904761904,2
1699,60 y más,MUJERES,217,TUXTLA GUTIERREZ,0.16145833333333334,5
1706,18 a 24,HOMBRES,255,TUXTLA GUTIERREZ,0.08388157894736842,3
1706,18 a 24,MUJERES,267,TUXTLA GUTIERREZ,0.08782894736842105,2
1706,25 a 59,HOMBRES,964,TUXTLA GUTIERREZ,0.3171052631578947,10
1706,25 a 59,MUJERES,1084,TUXTLA GUTIERREZ,0.35657894736842105,11
1706,60 y más,HOMBRES,209,TUXTLA GUTIERREZ,0.06875,1
1706,60 y más,MUJERES,261,TUXTLA GUTIERREZ,0.08585526315789474,3
1729,18 a 24,HOMBRES,352,TUXTLA GUTIERREZ,0.07423028258118937,3
1729,18 a 24,MUJERES,373,TUXTLA GUTIERREZ,0.07865879375790806,2
1729,25 a 59,HOMBRES,1607,TUXTLA GUTIERREZ,0.33888654576128213,10
1729,25 a 59,MUJERES,1732,TUXTLA GUTIERREZ,0.3652467313369886,11
1729,60 y más,HOMBRES,297,TUXTLA GUTIERREZ,0.06263180092787853,2
1729,60 y más,MUJERES,381,TUXTLA GUTIERREZ,0.08034584563475326,2
1754,18 a 24,HOMBRES,107,TUXTLA GUTIERREZ,0.08033033033033032,2
1754,18 a 24,MUJERES,105,TUXTLA GUTIERREZ,0.07882882882882883,2
1754,25 a 59,HOMBRES,408,TUXTLA GUTIERREZ,0.3063063063063063,10
1754,25 a 59,MUJERES,516,TUXTLA GUTIERREZ,0.38738738738738737,12
1754,60 y más,HOMBRES,93,TUXTLA GUTIERREZ,0.06981981981981981,2
1754,60 y más,MUJERES,103,TUXTLA GUTIERREZ,0.07732732732732733,2
1861,18 a 24,HOMBRES,38,VILLAFLORES,0.06031746031746032,2
1861,18 a 24,MUJERES,64,VILLAFLORES,0.10158730158730159,2
1861,25 a 59,HOMBRES,196,VILLAFLORES,0.3111111111111111,9
1861,25 a 59,MUJERES,203,VILLAFLORES,0.32222222222222224,10
1861,60 y más,HOMBRES,55,VILLAFLORES,0.0873015873015873,3
1861,60 y más,MUJERES,74,VILLAFLORES,0.11746031746031746,4
1987,18 a 24,HOMBRES,106,TAPACHULA,0.10153256704980843,4
1987,18 a 24,MUJERES,113,TAPACHULA,0.1082375478927203,3
1987,25 a 59,HOMBRES,351,TAPACHULA,0.33620689655172414,10
1987,25 a 59,MUJERES,382,TAPACHULA,0.36590038314176243,11
1987,60 y más,HOMBRES,49,TAPACHULA,0.04693486590038314,1
1987,60 y más,MUJERES,43,TAPACHULA,0.04118773946360153,1
2007,18 a 24,HOMBRES,109,TAPACHULA,0.08469308469308469,3
2007,18 a 24,MUJERES,100,TAPACHULA,0.0777000777000777,3
2007,25 a 59,HOMBRES,405,TAPACHULA,0.3146853146853147,9
2007,25 a 59,MUJERES,485,TAPACHULA,0.37684537684537683,11
2007,60 y más,HOMBRES,91,TAPACHULA,0.0707070707070707,2
2007,60 y más,MUJERES,97,TAPACHULA,0.07536907536907538,2
